confusion_set	expected	target	suggestion	masked_sentence
Effect,affect,effect	effect	Effect	affect	A diplomat at Qatar’s EU mission told Doha News at the time that the decision “will negatively [MASK] regional and global security cooperation, as well as ongoing discussions around global energy poverty and security.”
Effect,affect,effect	effect	Effect	affect	Also could you explain more why you used an average of your three scenarios, wouldn't it be better to leave them separated to show how the growth rates would [MASK] the present value?
Capital,Capitol,capital	Capital	capital	Capitol	All these are attributable to excessive abuse of powers by the central government at [MASK] Hill.
Capital,Capitol,capital	Capital	capital	Capitol	Among others, it was envisaged that with the new system accounting officers would be preparing staff salaries at their respective LGAs instead of traveling to [MASK] Hill in Lilongwe every month to process the same.
Capital,Capitol,capital	Capital	capital	Capitol	An exhibit on Ruth Bader Ginsburg at the new [MASK] Jewish Museum in Washington, D.C., June 1, 2023.
Country,County,country,county	Country	country	County	Additionally, [MASK] on Court: Pickleball at CMA Fest, presented by and DINK, the “official drink of pickleballers,” will take place on Thursday, June 8, at Fan Fair X inside Music City Center.
Country,County,country,county	Country	country	County	All proceeds will go towards getting [MASK] Heights Elementary School student Jonah on the waiting list for a service dog.
Country,County,country,county	Country	country	County	Alphabet comprises about 1.8% of [MASK] Trust Bank’s portfolio, making the stock its 13th largest position.
Country,County,country,county	Country	country	County	Also present were [MASK] Operations Manager Sandile Mavuso and SARGE President Nathi Dlamini, as well as representatives of clubs.
Country,County,country,county	Country	country	County	Although a child, she's among the most important characters in the Wano [MASK] arc.
Country,County,country,county	Country	country	County	Although horror films such as “His House” (2019) and series like “Lovecraft [MASK]” have furthered the genre’s impact, the movement has had its fair share of highs and lows throughout history.
Country,County,country,county	Country	country	County	Among the athletes competing was Lake [MASK] resident, Brandon Harder, who had no idea the event was being hosted until it had already begun.
Country,County,country,county	Country	country	County	And I’m so excited to create new memories on this new adventure in Eagles [MASK].
Country,County,country,county	Country	country	County	Ansaf Azhar, the director of public health at Oxfordshire [MASK] Council, stressed the importance of physical activity to overall health in his annual report.
Country,County,country,county	Country	country	County	A police spokesperson said: "We were called at about 12.50pm on Tuesday (October 3) with reports of a body in the water at Milton [MASK] Park.
Country,County,country,county	Country	country	County	As always, it is our mission to ensure that justice is fully pursued and that the rights of all people in Clay [MASK] are protected and upheld by law.
Country,County,country,county	Country	country	County	A standard he's brought to Bears [MASK].
Country,County,country,county	Country	country	County	Brett Parker from Hill [MASK] snake removal always makes a great hand and he joined us for this one.
Country,County,country,county	County	county	Country	A brave Ellen spoke to the [MASK] Press over those difficult days in April 2019 to pay tribute to her daughter and also express her concerns publicly about how she felt mental health professionals 'normalised' Aeryn's suicidal thoughts.
Country,County,country,county	county	County	country	According to the [MASK], the setback rule limits the number of properties capable of having CAFOs to 89.
Country,County,country,county	county	County	country	A [MASK]-level regression model accounted for differences over time.
Country,County,country,county	county	County	country	A [MASK] private school is looking to create a glazed lobby at one of its residences.
Country,County,country,county	county	County	country	A [MASK] that was once rich and self-sufficient now has to go cap in hand in search of pittance from the same people who despoil its riches and rendered it beggarly.
Country,County,country,county	county	County	country	Across the [MASK], local Neighbourhood Policing Teams are also working with local people and visitors to reduce the opportunities for an offence to be committed and to trace offenders swiftly, recovering stolen property and bringing offenders to justice.
Country,County,country,county	county	County	country	Adding one more attorney to a [MASK] that has one attorney, that’s doubling it.
Country,County,country,county	county	County	country	Additionally, it was the [MASK]'s only representative inside the top 100.
Country,County,country,county	county	County	country	A decision has been made to cancel Saturday night's sold-out Matlock Bath Illuminations because of the flooding problems across the [MASK] caused by Storm Babet.
Country,County,country,county	county	County	country	A feasibility study will show how the [MASK] can support its recommendations.
Country,County,country,county	county	County	country	After strange and unexplained events in the small desert [MASK] of Agua Dulce, California, the enterprising residents soon discover that the greatest opportunity and threat to their lives has been lurking right under their noses all along.
Country,County,country,county	county	County	country	After two months, Brinkley determined that Meek had broken the law by returning to the [MASK].
Country,County,country,county	county	County	country	Afterwards, Mr Steadman said: "It’s incredibly important that all emergency services in the [MASK] collaborate, when needed, to keep the public as safe as possible.
Country,County,country,county	county	County	country	A HEREFORDSHIRE pub was struck by lightning last night (Monday) as storms hit the [MASK].
Country,County,country,county	county	County	country	All businesses handling food in the [MASK] are regularly checked by local authority food hygiene inspectors.
Country,County,country,county	county	County	country	Along with the robust upstream flows, the world obtained greater than 3 inches of rain all through the day, based on [MASK] devices.
Country,County,country,county	county	County	country	“Although the rationale behind the current winter service programme has been well intentioned, the time is right for this to be reviewed against national code of practices and the current, modern-day needs of our [MASK].”
Country,County,country,county	county	County	country	Among the adorable rabbits needing new homes across the [MASK] is Buzz, a placid lionhead rabbit, who after being rescued from unsatisfactory conditions, has been cared for by the RSPCA's Kent-North West Branch for the last two months.
Country,County,country,county	county	County	country	A myriad of events were held across the [MASK] Saturday to celebrate the holiday.
Country,County,country,county	county	County	country	Analysis by KentOnline last month revealed how the number of homes in the [MASK] available for under £1,000 a month had almost halved in the space of a year.
Country,County,country,county	county	County	country	Andaya’s resignation letter was brief and had no mention of the health reasons that [MASK] officials cited for his resignation.
Country,County,country,county	county	County	country	And there are more and more law suits coming for this [MASK].
Country,County,country,county	county	County	country	And there were plenty more sightings reporting in the [MASK] that year.
Country,County,country,county	county	County	country	And with more than 180,000 acres of farmland in the [MASK], BCC is growing its agriculture department on campus.
Country,County,country,county	county	County	country	An estimated 2,000 travelers, some newly arrived and others from canceled flights, were sheltering at Kahului Airport on Maui early Wednesday morning, the [MASK] announced on Facebook.
Country,County,country,county	county	County	country	A new badge — blue and gray with a map of the [MASK] and a drawing of the Old Constitution House in Windsor — adorns the department’s branding.
Country,County,country,county	county	County	country	Angus residents reacted with horror to the prospect of a line of ‘super-pylons’ running through the [MASK].
Country,County,country,county	county	County	country	An NCIC spokesman said: "Thankfully these incidents are rare in our [MASK].
Desert,desert,dessert	desert	Desert	dessert	Does breakfast come with [MASK]?
Desert,desert,dessert	desert	Desert	dessert	Felting and [MASK] basket-making workshops will be run by Aboriginal women.
Desert,desert,dessert	desert	Desert	dessert	Hundreds of thousands of fans descend upon the [MASK] course every year — a record 216,000 in 2018 — to cheer and jeer at decibel levels better suited for a football game.
Desert,desert,dessert	desert	Desert	dessert	I never had the opportunity, but if I was blessed with a heavy bank account, then I would have eaten lamb chops for breakfast, brunch, lunch, dinner, [MASK] and my midnight snack everyday.
Few,View,few,view	View	view	few	Click the "[MASK] channels in your area" link on its to see which local channels are offered in your ZIP code.
Few,View,few,view	view	View	few	A community drop-in event is planned for Tuesday, April 25, at Lochinver Village Hall from 3pm-7pm to meet the architects and [MASK] and discuss the initial plans.
Form,From,form,from	Form	form	from	Carolina, [MASK] 8, who played Moana, said: “Being Moana is a gift, it is something I have always wanted to be since I saw the film.
Form,From,form,from	From	from	Form	Federal Road Safety Corps Confirms Three Injuries [MASK].
Form,From,form,from	form	Form	from	A final member of the group, 38-year-old Mark Pettigrew [MASK] west London, was handed a suspended four-month prison sentence, fined £300 and made to pay a £128 victim surcharge.
Form,From,form,from	form	Form	from	Almost every room can benefit [MASK] a sleek sectional, and the ($1,733, originally $2,089) is a sophisticated design that will make your space look elevated.
Found,Fund,found,fund	fund	Fund	found	And how are we going to [MASK] it?
Found,Fund,found,fund	fund	Fund	found	And the securitized loans self [MASK] within the securitization.
Lead,Led,lead,led	Lead	lead	Led	Members of The [MASK]-Lag Report get exclusive access to our subscriber-only portfolios.
Lead,Led,lead,led	Led	led	Lead	Developers will be required to engage with an Architect [MASK] Design Team and a Construction Contractor with the necessary skills and experience to design, deliver, and certify high quality social housing in order to make a valid submission.
Lead,Led,lead,led	lead	Lead	led	Abba [MASK] singer Agnetha Faltskog’s blue jumpsuit and knee-high platform boots from 1974.
Lead,Led,lead,led	lead	Lead	led	A composite of star photos, made with the software Starry Sky Stacker, in Joshua Tree during a dark-sky photography workshop, [MASK] by Desert Institute.
Lead,Led,lead,led	lead	Lead	led	Additional disclosure: I [MASK] research at an ETP issuer that offers daily-rebalanced products in leveraged/unleveraged/inverse/inverse leveraged factors with various stocks, including some mentioned in this article, underlying them.
Lead,Led,lead,led	led	Led	lead	A combination of cancer and melancholy over humanity’s destructive attitude towards nature [MASK] him to weigh down his body with diving weights and jump off of the side of a friend’s ship.
Lead,Led,lead,led	led	Led	lead	After all, couldn’t a renewal of enthusiasm for generative artificial intelligence stocks [MASK] to a rapid rebound?
Lead,Led,lead,led	led	Led	lead	After anti-mutant protests in the team's new home of San Francisco, the Dark Avengers [MASK] a HAMMER strike force to pacify things.
Life,Live,life,live	Life	life	Live	Alongside the snaps, Maisie wrote: '[MASK] with you' with Max commenting: 'You couldn't be more perfect.'
Life,Live,life,live	Life	life	Live	A Real Time Update On Travis Scott [MASK]!
Life,Live,life,live	Life	life	Live	At the 90 Day: The Single [MASK] season 3 Tell-All, she wore a silky red cowl-neck dress that hugged her curves in all the right places.
Life,Live,life,live	Live	live	Life	And as we said, we look -- we're looking at those with renewed vigor, and we believe we're much better to execute on any of those post the Liberty [MASK] reattribution and the brave spin.
Life,Live,life,live	Live	live	Life	Asked by our sister site Coventry [MASK] if there was any update on that front, Robins said: “Not yet, no.
Life,Live,life,live	Live	live	Life	As such, unfavorable developments (e.g. potential deal termination) relating to BIDU's purchase of YY [MASK] might be a de-rating catalyst for JOYY.
Life,Live,life,live	Live	live	Life	At the time of Tom's death, Teesside [MASK] reported on the hundreds of tributes left to Tom.
Life,Live,life,live	Live	live	Life	Bristol [MASK] almost doubled its readership when comparing the two periods, while the nine other sites to make up regional titles – also all owned by its publisher Reach plc – experienced decline.
Life,Live,life,live	Live	live	Life	BSEB Bihar Board 10th Result [MASK] Updates: When will BSEB declare matric result?
Life,Live,life,live	Live	live	Life	Burrinja's [MASK] on the Lawn series is making a return for February.
Life,Live,life,live	Live	live	Life	But North Wales [MASK] readers were divided on the merits of the move.
Life,Live,life,live	Live	live	Life	But the cheeky rascals will probably not have long to enjoy their phallus themed handiwork as local councils have so far been quick to restore tampered signs, North Wales [MASK] reports.
Life,Live,life,live	life	Life	live	Abhishek Singh shares his father once faced threat to [MASK] by.
Life,Live,life,live	live	Live	life	Absolutely no one asked for a “[MASK]” event pic.
Mad,Made,mad,made	Mad	mad	made	Egerton portrays Edward ‘[MASK] Teddy’ Smith a good-looking yet psychopathic gangster rumoured to have had affairs with Ronnie and former MP Tom Driberg.
Mad,Made,mad,made	Mad	mad	Made	[MASK] respect to people who sit behind a computer all day because let me tell you, I can't do it for the life of me.
Mad,Made,mad,made	Mad	mad	Made	The aisles are full of shoppers looking for a [MASK] Friday deal in Grimsby in 2018.
Mad,Made,mad,made	Mad	mad	made	The Stark Raving [MASK] VII during last year’s Les Voiles de St. Barth.
Mad,Made,mad,made	Mad	mad	Made	This month, a Start-Yard exhibition called [MASK] On Adidas is celebrating 1980s trainer culture and the opening of Wade Smith in Liverpool.
Mad,Made,mad,made	Mad	mad	made	“Y/N” refers not to yes/no, as Moon will assume, but to the practice in of leaving a space for Your/Name, so that readers can [MASK] Lib themselves into the narrative.
Mad,Made,mad,made	Made	made	Mad	For example, [MASK] Renovation didn’t launch her bathroom remodel until six months after she signed a contract with the company last October, stranding a new toilet in her living room in the interim.
Mad,Made,mad,made	mad	Mad	made	After all, remember that once-straight gym bro who started lusting after his “[MASK] thick” workout buddy—and then got a date with him?
Mad,Made,mad,made	mad	Mad	made	An adorable video of puppies trying to snuggle Keanu Reeves is a perfect reminder of John Wick's love of dogs, and why the Baba Yaga was so [MASK].
Mad,Made,mad,made	mad	Mad	made	"Driving Premier League players [MASK] for their shirts again," Cole added.
Mad,Made,mad,made	mad	Mad	made	If you want to see what peak “U [MASK], bro?” looks like, check back to this space in about six or seven years when the stadium leases are almost over.
Mad,Made,mad,made	mad	Mad	made	“I’ve done [MASK] sacrifices to get here.
Past,passed,past	Past	past	passed	Wreath laying, a March [MASK] with service and other organisations.
Peace,Piece,peace,piece	Piece	piece	Peace	Ais Clafferty, 41, popped the question to her girlfriend Kat Jennings, 35, as the band were on stage at The [MASK] Hall.
Peace,Piece,peace,piece	Piece	piece	Peace	Chief Executive, [MASK] Hall Trust.
Peace,Piece,peace,piece	Piece	piece	Peace	JAMES SANDERS, 31, of Cheneys [MASK], Benson, admitted driving a Skoda Fabia on the A4074 in Benson on January 11 while over the drink drive limit.
Peace,Piece,peace,piece	Piece	piece	Peace	‘The jewel in the crown of Halifax’ - The [MASK] Hall set for ‘historic’ Coronati.
Peace,Piece,peace,piece	Piece	piece	Peace	The kids performed classics like 'Ye Cannae Shove Yer Granny Aff A Bus' and 'The Jeely [MASK] Song', as well as 'The Shoogly Woogly' - a Scots spin on the Hokey Cokey.
Peace,Piece,peace,piece	Piece	piece	Peace	The [MASK] Hall remains open as usual, with traders open until 4.30pm on concert days.
Peace,Piece,peace,piece	Piece	piece	Peace	They walk the walk, partnering with [MASK] By Peace Nutrition from Penhold.
Peace,Piece,peace,piece	Piece	piece	Peace	This summer’s record-breaking Live at The [MASK] Hall series of concerts continues tonight (Saturday) with hometown heroes Embrace, celebrating the 25th anniversary of their classic debut album ‘The Good Will Out’.
Peace,Piece,peace,piece	Piece	piece	Peace	You Will Have to Wait for At Least a Little While Longer if You Are Expecting a Lengthy [MASK] on This Specific Topic.
Plain,plain,plane	plain	Plain	plane	Alleged to be sent from the A-lister on December 2, 2021, the Instagram story rollout included a lengthy text in which it appeared Hill was outlining his ‘[MASK] and simple’ needs.
Plain,plain,plane	plain	Plain	plane	Although Barnes was on the books of Leicester, his boyhood club, from the age of nine, and made his debut in the Champions League at just 18, it has certainly not all been [MASK] sailing.
Plain,plain,plane	plain	Plain	plane	And I like that itâ€™s [MASK], no writing on it."
Plain,plain,plane	plain	Plain	plane	He said: “You probably learn more from defeats and we knew that it was not going to be [MASK]-sailing for the entire season.
Plain,plain,plane	plain	Plain	plane	‘I’d just like a [MASK] apple,’ I groaned to Jake from the passenger seat of the Range Rover as we headed east from San Francisco.
Principal,principal,principle	principal	Principal	principle	According to the Sani, Tinubu rewarded those who betrayed their party and [MASK].
Principal,principal,principle	principal	Principal	principle	As such, it is fairly easy for a bond fund to ensure that it preserves the [MASK] of its investors as it can just purchase a bond and hold it until maturity.
Provence,Province,province	Province	province	Provence	[MASK]’s arts community mourns loss of Mary White, known as ‘Whitey’
Quiet,Quite,quiet,quite	Quiet	quiet	Quite	Ferguson just wrote a column on Bloomberg titled “All is Not [MASK] on the Eastern Front” – basically to peddle the risk of WWIII, on behalf of his masters, blaming of course “China as the arsenal of autocracy”.
Quiet,Quite,quiet,quite	Quiet	quiet	Quite	Glass Onion: A Knives Out MysteryAll [MASK] on the Western Front.
Quiet,Quite,quiet,quite	Quiet	quiet	Quite	[MASK], but he knew how to make himself understood," Jacky Lorenzetti, the businessman president of Racing, told AFP.
Quiet,Quite,quiet,quite	Quiet	quiet	Quite	[MASK] Hiring Is Here, But What is it and How Does it Impact Employees?
Quiet,Quite,quiet,quite	Quiet	quiet	Quite	Setauket – Stunning New Construction Colonial-style Home, Situated On A [MASK] Cul-de-sac!
Quiet,Quite,quiet,quite	Quiet	quiet	Quite	Your Employees Might Be ‘[MASK] Quitting’ On Social Media.
Quiet,Quite,quiet,quite	quiet	Quiet	quite	A third TikTok user joked, “This is [MASK] quitting, lol.”
Rise,raise,rise	rise	Rise	raise	A 17 per cent pay [MASK] will have a significant impact on retention.
Rise,raise,rise	rise	Rise	raise	A bottle of £8 Barefoot Pinot Grigio wine, meanwhile, could [MASK] 44p.
Rise,raise,rise	rise	Rise	raise	Adjusted EBITDA is expected to [MASK] 15% to $379 million, also down slightly from the prior expectation.
Rise,raise,rise	rise	Rise	raise	“Ah,” you might think, “there could be a big minimum wage [MASK] coming from the Fair Work Commission.”
Rise,raise,rise	rise	Rise	raise	Almost a year ago, Apple Music made the decision to raise the subscription price of its service by $1 from $9.99 to $10.99 as part of its price [MASK].
Safe,Save,safe,save	Safe	safe	Save	All support the ballot initiative [MASK] Zones 4 Kids, which prioritizes the removal of unauthorized campsites near schools and pathways frequented by our city’s children.
Safe,Save,safe,save	Safe	safe	Save	A So-[MASK] Corps officer, Saheed Ogunrinde, alongside two others have been killed by suspected kidnappers.
Safe,Save,safe,save	Safe	safe	Save	Children from the [MASK] Child Advocacy Care Home in Kumasi and the Angel of Hope Orphanage Care Home as well as other groups and individuals would participate in a competition.
Safe,Save,safe,save	Safe	safe	Save	During the same period, the most popular apps on Android for Filipino users of Kaspersky’s [MASK] Kids included YouTube (26.50%), TikTok (18.45%), and Messenger (14.85%).
Safe,Save,safe,save	Safe	safe	Save	IBM announced 'Quantum [MASK] Explorer' to enable organisations to scan source and object code to locate cryptographic assets, dependencies, vulnerabilities and to build a Cryptography Bill of Materials (CBOM).
Safe,Save,safe,save	Safe	safe	Save	If that doesn't work, you may need to force your Mac into [MASK] Mode so you can run diagnostics on your startup disk and repair any corrupt files.
Safe,Save,safe,save	Safe	safe	Save	If you are still having issues with your touchscreen after restarting and entering [MASK] Mode, it is likely that there may be a hardware issue with your device.
Safe,Save,safe,save	Safe	safe	Save	In 2002, Canada and the United States concluded a bilateral treaty known as the “[MASK] Third Country Agreement” (STCA).
Safe,Save,safe,save	Safe	safe	Save	Is That Valentine’s Day Chocolate [MASK]?
Safe,Save,safe,save	Safe	safe	Save	Last month, Bass and her Inside [MASK] team moved 43 people — including Parker — out of homeless encampments on or near 6th Street and Fairfax Avenue.
Safe,Save,safe,save	Safe	safe	Save	Mayor Karen Bass declared a state of emergency to confront the homeless crisis and has rapidly moved people off the street through her “Inside [MASK]” program.
Safe,Save,safe,save	Safe	safe	Save	On the edge stood Mariah Parker, in the union’s bright red and gold T-shirt and baggy, mustard-colored pants, holding a banner that read “[MASK] Jobs Now.”
Safe,Save,safe,save	Safe	safe	Save	Road RAPTER or Radiological Assistance Program Training for Emergency Response, was spearheaded by Luke AFB’s EOD unit, the Phoenix Regional Render [MASK] Team, and the Radiological Assistance Program.
Safe,Save,safe,save	Save	save	Safe	ECOBANK Nigeria has rewarded 50 of its customers in the first draw of its “[MASK] and Score” promo.
Safe,Save,safe,save	Save	save	Safe	Failed Republican gubernatorial nominee Kari Lake is set to host a "[MASK] Arizona Rally" ahead of a crunch court date to reconsider her claims that the 2022 election was beset by voter fraud.
Safe,Save,safe,save	Save	save	Safe	Former Nationals MP George Christensen fronting the Citizen Go [MASK] Free Speech campaign in Canberra.
Safe,Save,safe,save	Save	save	Safe	In June 2021, the vendor company banned Green [MASK] Energy and ECO from participating in their program, and Cleggett was banned from participating in Mass Save altogether, the release said.
Safe,Save,safe,save	Save	save	Safe	In June 2021, the vendor company banned Green [MASK] Energy and ECO from participating in their program, and Cleggett was banned from participating in Mass Save altogether, the release said.
Safe,Save,safe,save	Save	save	safe	Local councillor Andrew Tromans said: “An amazing turn out for the [MASK] Stourbridge Junction Ticket Office open meeting this evening.
Than,Then,than,then	Than	than	Then	Queer Entertainment NewsMore [MASK] Half Of LGBTQ+ Florida Parents Say They Are Considering Leaving.
Than,Then,than,then	Than	than	then	The other brother, [MASK], played bass.
Than,Then,than,then	Than	than	then	U Kyaw Min [MASK] as an army officer.
Their,There,They,their,there,they	Their	There	They	Netflix Acquires Luchina Fisher’s Docu Short ‘The Dads’; Dwyane Wade Among The EPs On “Love Letter” From Fathers To [MASK] LGBTQ+ Childrendeadline.
Their,There,They,their,there,they	Their	their	They	Netflix Acquires Luchina Fisher’s Docu Short ‘The Dads’; Dwyane Wade Among The EPs On “Love Letter” From Fathers To [MASK] LGBTQ+ Childrendeadline.
Their,There,They,their,there,they	Their	there	They	Netflix Acquires Luchina Fisher’s Docu Short ‘The Dads’; Dwyane Wade Among The EPs On “Love Letter” From Fathers To [MASK] LGBTQ+ Childrendeadline.
Their,There,They,their,there,they	There	Their	they	A diminished but loyal Trump Maga crowd at CPAC: ‘[MASK]’s one choice’
Their,There,They,their,there,they	There	their	they	A diminished but loyal Trump Maga crowd at CPAC: ‘[MASK]’s one choice’
Their,There,They,their,there,they	They	Their	There	Beale said: "[MASK]'ve been two fantastic players for the club.
Their,There,They,their,there,they	They	their	There	Beale said: "[MASK]'ve been two fantastic players for the club.
Their,There,They,their,there,they	They	they	There	Beale said: "[MASK]'ve been two fantastic players for the club.
Their,There,They,their,there,they	They	There	their	Check out the trailer to [MASK] Cloned Tyrone below and let us know if you’ll be checking it out when it streams next month.
Their,There,They,their,there,they	They	there	their	Check out the trailer to [MASK] Cloned Tyrone below and let us know if you’ll be checking it out when it streams next month.
Their,There,They,their,there,they	They	they	their	Check out the trailer to [MASK] Cloned Tyrone below and let us know if you’ll be checking it out when it streams next month.
Their,There,They,their,there,they	They	There	their	Curtis, wearing a black hoodie and cap, said “[MASK] days of murdering us and getting away with it are fucking over.
Their,There,They,their,there,they	They	there	their	Curtis, wearing a black hoodie and cap, said “[MASK] days of murdering us and getting away with it are fucking over.
Their,There,They,their,there,they	They	they	their	Curtis, wearing a black hoodie and cap, said “[MASK] days of murdering us and getting away with it are fucking over.
Their,There,They,their,there,they	there	Their	they	A case has been made that Rwanda's destabilising activities [MASK] are motivated by that don't apply in Mozambique or the Central African Republic.
Their,There,They,their,there,they	there	There	they	A case has been made that Rwanda's destabilising activities [MASK] are motivated by that don't apply in Mozambique or the Central African Republic.
Their,There,They,their,there,they	there	their	they	A case has been made that Rwanda's destabilising activities [MASK] are motivated by that don't apply in Mozambique or the Central African Republic.
Them,Theme,them,theme	theme	Theme	them	Alex did the same with his Blue Team and his Southern [MASK].
Them,Theme,them,theme	theme	Theme	them	Although many apps did not adopt the themed icon, Android 13 uses the same color scheme to [MASK] app icons.
Them,Theme,them,theme	theme	Theme	them	And the [MASK] slaps.
Trail,Trial,trail,trial	Trail	trail	trial	A group of 16,000 former ski troopers attended a 10th Mountain Division reunion in Vail, the Vail [MASK] reported.
Trail,Trial,trail,trial	Trail	trail	trial	“As an organization, we try to think outside the box on different events that we can bring to [MASK], especially during our off-season,” said Smoke Eaters corporate sales and events manager Allison McCarthy.
Trail,Trial,trail,trial	Trail	trail	Trial	Central New York Cheese [MASK], where 8 different vendors are teaming up to bring you straight to the "gouda" stuff, if ya know what we mean.
Trail,Trial,trail,trial	Trail	trail	Trial	Giant Easter Egg [MASK], Shrewsbury - Monday, April 3 - Sunday, April 16 - Forget the mini eggs this easter - giant eggs are taking over Shrewsbury!
Trail,Trial,trail,trial	Trail	trail	Trial	Her memories of conflicts and war are shaped by listening to the harrowing stories of relatives who survived challenging situations such as Changi Prison, the Kokoda [MASK], and even Hiroshima.
Trail,Trial,trail,trial	Trial	trial	Trail	Surveys confirm the [MASK] Banks support Lesser Black-Backed Gulls and Herring Gulls, as well as historically supporting Terns.”
Trail,Trial,trail,trial	Trial	trial	Trail	There is also a Merlin [MASK] nearby.
Trail,Trial,trail,trial	Trial	trial	Trail	Young Thug/YSL [MASK] Could Last an Entire Year: Who Wants To Serve on the Jury?
Trail,Trial,trail,trial	trail	Trail	trial	According to Out On An Island - who are behind the [MASK] - the historical figure was included due to his close relationship with fellow poet Arthur Henry Hallam, but there is no definitive evidence the writer was homosexual.
Trail,Trial,trail,trial	trail	Trail	trial	A contemporary take on the Sleeping Beauty fairytale will await inside the Palace for this year’s indoor [MASK].
Trail,Trial,trail,trial	trail	Trail	trial	After that, Busch lost his [MASK].
Trail,Trial,trail,trial	trail	Trail	trial	All of this would be financed through a work-output-based levy on each transaction in the gig economy that is calculated and reflected in a digital [MASK].
Trail,Trial,trail,trial	trail	Trail	trial	And Legacy, a charity in Handsworth which aims to empower people "who don't have a voice", collaborated with the artist on the sculpture as part of its arts [MASK] project, which will see four pieces commissioned in total.
Trail,Trial,trail,trial	trail	Trail	trial	AN INTERACTIVE joke [MASK] launches in this weekend as part of the new Bournemouth Comedy Festival.
Trail,Trial,trail,trial	trail	Trail	trial	Apman was on [MASK] for the August 2021 killing of Juan Morales-Rivera in Windom.
Trail,Trial,trail,trial	trail	Trail	trial	A Sun reporter and photographer were apparently invited to [MASK] them.
Trail,Trial,trail,trial	trail	Trail	trial	At Dunnikier Park, an impressive field of Fife AC and Wizards’ runners turned out for the local five mile [MASK] race.
Trail,Trial,trail,trial	trail	Trail	trial	A two-week Easter town [MASK] will be among the highlights of an exciting town event already being planned for next year.
Trail,Trial,trail,trial	trail	Trail	Trial	Baffert returned to the Triple Crown [MASK] earlier this year at the Preakness after being suspended from that race and the Belmont in 2022 in connection with a different, 90-day ban in Kentucky that Maryland and New York honored.
Trail,Trial,trail,trial	trial	Trial	trail	A 10-year [MASK] has ended in NOT GUILTY Verdict for three men in Fox Hill Massacre!
Trail,Trial,trail,trial	trial	Trial	Trail	A CONTROVERSIAL [MASK] bus gate in a Scottish city has raked in £100,000 in fines in just two months of operation.
Three,Tree,three,tree	Three	three	Tree	Above / Following the Honor Guard and the Star-Spangled Banner, the Main Stage at the base of Rotary Hill featured The Cadillac [MASK] on July 1, 2023.
Three,Tree,three,tree	Three	three	Tree	Connor Klug with the Little Free LIbrary on the grounds of the [MASK] Village Historical Society.
Three,Tree,three,tree	Tree	tree	Three	A TikToker from Florida posted an 11-second video entitled Ornament Hack For Your [MASK] detailing the decorating trick on the handle showing you how you’ve been doing it wrong all along.
Three,Tree,three,tree	Tree	tree	Three	A would-be robber was shot and injured in the busy commercial hub of Halfway [MASK] this morning.
Three,Tree,three,tree	Tree	tree	Three	“Bunny & [MASK]” is a hundred and eighty-four pages long—almost exponentially bigger than some of its peers.
Three,Tree,three,tree	Tree	tree	Three	Cheryl is the sister of Ash, and after being attacked by the Demonic [MASK], she becomes a Deadite that reigns terror on the rest of the group.
Three,Tree,three,tree	Tree	tree	Three	He said: “Right at the beginning I decided I wanted to share the proceeds with [MASK] Aid.
Three,Tree,three,tree	tree	Tree	three	Ali commented: "Brought this to add to my two year old grandsons collection for his xmas [MASK] he has three now and it’s become a tradition."
To,Too,Two,to,too,two	To	Two	Too	Adipurush Trailer Impact At Box Office Day 1 (Hindi): [MASK] Comfortably.
To,Too,Two,to,too,two	To	to	Too	Adipurush Trailer Impact At Box Office Day 1 (Hindi): [MASK] Comfortably.
To,Too,Two,to,too,two	To	two	Too	Adipurush Trailer Impact At Box Office Day 1 (Hindi): [MASK] Comfortably.
To,Too,Two,to,too,two	To	Too	Two	Baldur's Gate 3: 4 Underrated Races [MASK] UseSome races may get less attention from players in Baldur's Gate 3 than others, but they offer a lot to players who choose them.
To,Too,Two,to,too,two	To	too	Two	Baldur's Gate 3: 4 Underrated Races [MASK] UseSome races may get less attention from players in Baldur's Gate 3 than others, but they offer a lot to players who choose them.
To,Too,Two,to,too,two	To	Two	Too	Because of this, the set list is packed wall-to-wall with fan-favourite songs from Black Space to All [MASK] Well, not to mention a string of costume changes and seriously spectacular set designs.
To,Too,Two,to,too,two	To	to	Too	Because of this, the set list is packed wall-to-wall with fan-favourite songs from Black Space to All [MASK] Well, not to mention a string of costume changes and seriously spectacular set designs.
To,Too,Two,to,too,two	To	two	Too	Because of this, the set list is packed wall-to-wall with fan-favourite songs from Black Space to All [MASK] Well, not to mention a string of costume changes and seriously spectacular set designs.
To,Too,Two,to,too,two	Too	Two	To	A single from rapper, who died on Sept. 28, 2022 at age 59, "TAG You It,’” dropped Friday featuring [MASK] $hort and DJ Wino.
To,Too,Two,to,too,two	Too	too	To	A single from rapper, who died on Sept. 28, 2022 at age 59, "TAG You It,’” dropped Friday featuring [MASK] $hort and DJ Wino.
To,Too,Two,to,too,two	Too	two	To	A single from rapper, who died on Sept. 28, 2022 at age 59, "TAG You It,’” dropped Friday featuring [MASK] $hort and DJ Wino.
To,Too,Two,to,too,two	Too	Two	to	At one point, Trump the former vice-president, “You’re too honest,” a phrase that the Pence campaign has since capitalized on by selling “[MASK] Honest”
To,Too,Two,to,too,two	Too	too	to	At one point, Trump the former vice-president, “You’re too honest,” a phrase that the Pence campaign has since capitalized on by selling “[MASK] Honest”
To,Too,Two,to,too,two	Too	two	to	At one point, Trump the former vice-president, “You’re too honest,” a phrase that the Pence campaign has since capitalized on by selling “[MASK] Honest”
To,Too,Two,to,too,two	Too	Two	to	Casa Leo has you covered with its Leo’s Loo [MASK] Self-Cleaning Litter Box.
To,Too,Two,to,too,two	Too	too	to	Casa Leo has you covered with its Leo’s Loo [MASK] Self-Cleaning Litter Box.
To,Too,Two,to,too,two	Too	two	to	Casa Leo has you covered with its Leo’s Loo [MASK] Self-Cleaning Litter Box.
To,Too,Two,to,too,two	Too	Two	to	Devon hunk joining Netflix [MASK] Hot To Handle cast in search for love The Prince Charming look-a-like has described the British gentleman as "like a cup of English Breakfast tea"
To,Too,Two,to,too,two	Too	too	to	Devon hunk joining Netflix [MASK] Hot To Handle cast in search for love The Prince Charming look-a-like has described the British gentleman as "like a cup of English Breakfast tea"
To,Too,Two,to,too,two	Too	two	to	Devon hunk joining Netflix [MASK] Hot To Handle cast in search for love The Prince Charming look-a-like has described the British gentleman as "like a cup of English Breakfast tea"
To,Too,Two,to,too,two	Too	To	Two	Erin also swears by using an eyelid primer and she loves her [MASK] Faced option.
To,Too,Two,to,too,two	Too	to	Two	Erin also swears by using an eyelid primer and she loves her [MASK] Faced option.
To,Too,Two,to,too,two	Too	too	Two	Erin also swears by using an eyelid primer and she loves her [MASK] Faced option.
To,Too,Two,to,too,two	Too	Two	To	Following The Good Trip Tour, Wiz will continue touring for the High School Reunion Tour with Snoop Dogg, [MASK] $hort, Warren G, and Berner, along with special performer DJ Drama.
To,Too,Two,to,too,two	Too	too	To	Following The Good Trip Tour, Wiz will continue touring for the High School Reunion Tour with Snoop Dogg, [MASK] $hort, Warren G, and Berner, along with special performer DJ Drama.
To,Too,Two,to,too,two	Too	two	To	Following The Good Trip Tour, Wiz will continue touring for the High School Reunion Tour with Snoop Dogg, [MASK] $hort, Warren G, and Berner, along with special performer DJ Drama.
To,Too,Two,to,too,two	Too	too	Two	His books include “Slouching Toward Tyranny: Mass Incarceration, Death Sentences and Racism” and his forthcoming “[MASK] Close to the Flame”.
To,Too,Two,to,too,two	Too	To	Two	In the show and the game, Ellie's go-to reading material is and a tattered joke book titled No Pun Intended: Volume [MASK] by Will Livingston.
To,Too,Two,to,too,two	Too	to	Two	In the show and the game, Ellie's go-to reading material is and a tattered joke book titled No Pun Intended: Volume [MASK] by Will Livingston.
To,Too,Two,to,too,two	Too	too	Two	In the show and the game, Ellie's go-to reading material is and a tattered joke book titled No Pun Intended: Volume [MASK] by Will Livingston.
To,Too,Two,to,too,two	Too	Two	to	Just when [MASK] was about to leave after deleting the bodies of all the women, Lilly gives her location up.
To,Too,Two,to,too,two	Too	Two	To	“Long Live Coolio” will be the first posthumous album release from the “Gangsta’s Paradise” star and the first single, “TAG 'You It,’” dropped Friday featuring [MASK] $hort and DJ Wino.
To,Too,Two,to,too,two	Too	too	To	“Long Live Coolio” will be the first posthumous album release from the “Gangsta’s Paradise” star and the first single, “TAG 'You It,’” dropped Friday featuring [MASK] $hort and DJ Wino.
To,Too,Two,to,too,two	Too	two	To	“Long Live Coolio” will be the first posthumous album release from the “Gangsta’s Paradise” star and the first single, “TAG 'You It,’” dropped Friday featuring [MASK] $hort and DJ Wino.
To,Too,Two,to,too,two	Too	Two	to	Non-Injury Motor Vehicle Accident/Following [MASK] Closely: North Berthoud Parkway/Bunyan Avenue — A vehicle was turning onto Bunyan Avenue from North Berthoud Parkway and was struck by the vehicle following behind.
To,Too,Two,to,too,two	Too	too	to	Non-Injury Motor Vehicle Accident/Following [MASK] Closely: North Berthoud Parkway/Bunyan Avenue — A vehicle was turning onto Bunyan Avenue from North Berthoud Parkway and was struck by the vehicle following behind.
To,Too,Two,to,too,two	Too	two	to	Non-Injury Motor Vehicle Accident/Following [MASK] Closely: North Berthoud Parkway/Bunyan Avenue — A vehicle was turning onto Bunyan Avenue from North Berthoud Parkway and was struck by the vehicle following behind.
To,Too,Two,to,too,two	Too	To	Two	The other seven-figure yearling engaged on Monday is Invincible Madison, a $1.2m I Am Invincible-Super [MASK] filly who was bought by American interests at Magic Millions.
To,Too,Two,to,too,two	Too	to	Two	The other seven-figure yearling engaged on Monday is Invincible Madison, a $1.2m I Am Invincible-Super [MASK] filly who was bought by American interests at Magic Millions.
To,Too,Two,to,too,two	Too	too	Two	The other seven-figure yearling engaged on Monday is Invincible Madison, a $1.2m I Am Invincible-Super [MASK] filly who was bought by American interests at Magic Millions.
To,Too,Two,to,too,two	Too	To	Two	“They couldn’t have been nicer and were incredibly complimentary about King’s Lynn, they even enjoyed a bottle of Festival [MASK] gin from our neighbours at WhataHoot.
To,Too,Two,to,too,two	Too	To	two	This team appears very talented on paper, but as Jerry Reinsdorf lamented in an email response, “[MASK] bad games are not played on paper.”
To,Too,Two,to,too,two	Too	to	two	This team appears very talented on paper, but as Jerry Reinsdorf lamented in an email response, “[MASK] bad games are not played on paper.”
To,Too,Two,to,too,two	Two	Too	to	ACCIDENT WITH INJURY—[MASK] vehicle crash at Center Street/U.
To,Too,Two,to,too,two	Two	too	to	ACCIDENT WITH INJURY—[MASK] vehicle crash at Center Street/U.
To,Too,Two,to,too,two	Two	two	to	ACCIDENT WITH INJURY—[MASK] vehicle crash at Center Street/U.
To,Too,Two,to,too,two	Two	Too	to	Action from the Welsh [MASK] Day Enduro.
To,Too,Two,to,too,two	Two	too	to	Action from the Welsh [MASK] Day Enduro.
To,Too,Two,to,too,two	Two	two	to	Action from the Welsh [MASK] Day Enduro.
To,Too,Two,to,too,two	Two	Too	to	Anantara [MASK] Bedroom Beach Pool Villa is spacious, sumptuous and boasts an unrivalled beachfront position.
To,Too,Two,to,too,two	Two	too	to	Anantara [MASK] Bedroom Beach Pool Villa is spacious, sumptuous and boasts an unrivalled beachfront position.
To,Too,Two,to,too,two	Two	two	to	Anantara [MASK] Bedroom Beach Pool Villa is spacious, sumptuous and boasts an unrivalled beachfront position.
To,Too,Two,to,too,two	Two	Too	to	Binhi at Ani Filipino Community Center Hosts [MASK]…
To,Too,Two,to,too,two	Two	too	to	Binhi at Ani Filipino Community Center Hosts [MASK]…
To,Too,Two,to,too,two	Two	Too	to	Bringing you guys a video breaking down my thoughts on an exciting Day [MASK] Pittsburgh Steelers’ draft.
To,Too,Two,to,too,two	Two	too	to	Bringing you guys a video breaking down my thoughts on an exciting Day [MASK] Pittsburgh Steelers’ draft.
To,Too,Two,to,too,two	Two	two	to	Bringing you guys a video breaking down my thoughts on an exciting Day [MASK] Pittsburgh Steelers’ draft.
To,Too,Two,to,too,two	Two	Too	to	But in an article headlined “Biden Could Lose First [MASK] ’24 Contests to RFK Jr.,” Axios reported, “If Biden isn’t on the ballot, some Democrats have floated a write-in campaign in Iowa and New Hampshire.”
To,Too,Two,to,too,two	Two	too	to	But in an article headlined “Biden Could Lose First [MASK] ’24 Contests to RFK Jr.,” Axios reported, “If Biden isn’t on the ballot, some Democrats have floated a write-in campaign in Iowa and New Hampshire.”
To,Too,Two,to,too,two	Two	two	to	But in an article headlined “Biden Could Lose First [MASK] ’24 Contests to RFK Jr.,” Axios reported, “If Biden isn’t on the ballot, some Democrats have floated a write-in campaign in Iowa and New Hampshire.”
To,Too,Two,to,too,two	Two	Too	to	“But this Account [MASK] support facility is not collateral.
To,Too,Two,to,too,two	Two	too	to	“But this Account [MASK] support facility is not collateral.
To,Too,Two,to,too,two	Two	two	to	“But this Account [MASK] support facility is not collateral.
To,Too,Two,to,too,two	Two	Too	to	Courtesy / Boston Police Department [MASK] photos of Reina Carolina Morales Rojas, 41, who disappeared on Nov. 26, 2022.
To,Too,Two,to,too,two	Two	too	to	Courtesy / Boston Police Department [MASK] photos of Reina Carolina Morales Rojas, 41, who disappeared on Nov. 26, 2022.
To,Too,Two,to,too,two	Two	Too	to	Daggers, who stay eighth in Dorset & Wilts [MASK] South, next entertain North Dorset Seconds in the cup on Saturday (2pm).
To,Too,Two,to,too,two	Two	too	to	Daggers, who stay eighth in Dorset & Wilts [MASK] South, next entertain North Dorset Seconds in the cup on Saturday (2pm).
To,Too,Two,to,too,two	Two	two	to	Daggers, who stay eighth in Dorset & Wilts [MASK] South, next entertain North Dorset Seconds in the cup on Saturday (2pm).
To,Too,Two,to,too,two	too	Too	to	A backlit keyboard with an integrated numeric keypad is useful for achieving the gaming aesthetic for less [MASK].
To,Too,Two,to,too,two	too	Two	to	A backlit keyboard with an integrated numeric keypad is useful for achieving the gaming aesthetic for less [MASK].
To,Too,Two,to,too,two	too	Too	to	Accessible boarding areas are coming [MASK] and the platform edges will be reconstructed to serve the northbound and southbound 4 and 5 trains.
To,Too,Two,to,too,two	too	Two	to	Accessible boarding areas are coming [MASK] and the platform edges will be reconstructed to serve the northbound and southbound 4 and 5 trains.
To,Too,Two,to,too,two	too	two	to	Accessible boarding areas are coming [MASK] and the platform edges will be reconstructed to serve the northbound and southbound 4 and 5 trains.
To,Too,Two,to,too,two	too	Too	to	“A central theme of politics nowadays — and we’ve certainly seen this with the Biden campaign [MASK] — is influencer marketing,” he said.
To,Too,Two,to,too,two	too	Two	to	“A central theme of politics nowadays — and we’ve certainly seen this with the Biden campaign [MASK] — is influencer marketing,” he said.
To,Too,Two,to,too,two	too	two	to	“A central theme of politics nowadays — and we’ve certainly seen this with the Biden campaign [MASK] — is influencer marketing,” he said.
To,Too,Two,to,too,two	too	Too	to	A cider maker says a complaint about his product being ‘[MASK] sexual’ is ‘utterly disgraceful.’
To,Too,Two,to,too,two	too	Two	to	A cider maker says a complaint about his product being ‘[MASK] sexual’ is ‘utterly disgraceful.’
To,Too,Two,to,too,two	too	two	to	A cider maker says a complaint about his product being ‘[MASK] sexual’ is ‘utterly disgraceful.’
To,Too,Two,to,too,two	too	To	two	Adventure dogs are a special breed, and if you share your life with one, I hope you [MASK] can reap the lessons and wisdom they subtly and willingly share with us.
To,Too,Two,to,too,two	too	Too	two	Adventure dogs are a special breed, and if you share your life with one, I hope you [MASK] can reap the lessons and wisdom they subtly and willingly share with us.
To,Too,Two,to,too,two	too	to	two	Adventure dogs are a special breed, and if you share your life with one, I hope you [MASK] can reap the lessons and wisdom they subtly and willingly share with us.
To,Too,Two,to,too,two	too	Too	to	A dynamic or variable refresh rate (VRR) tunes the picture to be smooth with fast framerates, and there’s a dedicated game mode [MASK] when you’re playing on next-gen consoles.
To,Too,Two,to,too,two	too	Two	to	A dynamic or variable refresh rate (VRR) tunes the picture to be smooth with fast framerates, and there’s a dedicated game mode [MASK] when you’re playing on next-gen consoles.
To,Too,Two,to,too,two	too	two	to	A dynamic or variable refresh rate (VRR) tunes the picture to be smooth with fast framerates, and there’s a dedicated game mode [MASK] when you’re playing on next-gen consoles.
Weather,Whether,weather,whether	weather	Weather	whether	And talking ’bout dry, dis [MASK] drier than Vee Pee sense of humor.
Were,Where,were,where	Were	were	Where	[MASK]n't these charges all based on his conduct (and his company) before he became president?
Were,Where,were,where	Were	were	Where	[MASK] -- prior to the partnership, we were a one-off stand-alone acquisition.
Were,Where,were,where	were	Were	where	A 33-year-old man and a 24-year-old woman from [MASK] also arrested on suspicion of assisting an offender.
Which,Witch,which,witch	Witch	witch	which	[MASK]'s wells remove excess floodwater from farmland or, in the case of some constructions in Ida-Viru County, from abandoned oil shale mines.
Which,Witch,which,witch	witch	Witch	which	After all, he has spent years attacking President Biden and every other outspoken Democrat for politically and maliciously attacking him (he claimed “[MASK] hunts”).
Which,Witch,which,witch	witch	Witch	which	In old English, “haesl” translates to “rod of power,” a nod to the druid priests that would carry hazel wands and the modern masters that use them to “[MASK]” wells.
Which,Witch,which,witch	witch	Witch	which	'I survived execution for betraying King with '[MASK]' Queen – but be warned'
Which,Witch,which,witch	witch	Witch	which	This fast-acting, SOS [MASK] hazel stick helps to nip blemishes in the bud.
Hole,Whole,hole,whole	Hole	hole	whole	Balch previously described a “Toad in a [MASK]” dish as tiny Yorkshire puddings with roasted beef in them, served with dollops of mashed potatoes and gravy — “Sunday roast as an appetizer,” he said.
Hole,Whole,hole,whole	Hole	hole	whole	Yet, the misadventures of eccentric cast in the lawless [MASK] district effortlessly suck the readers in with captivating horror elements and jokes that never miss the mark.
Hole,Whole,hole,whole	Whole	whole	Hole	Steve Vai Claims He Is ‘Sitting On A [MASK] Ozzy Osbourne Record’
Hole,Whole,hole,whole	Whole	whole	Hole	Together they produced the recipe- and history-packed book, “Ed Mitchell’s Barbeque: Celebrating the Eastern North Carolina [MASK] Hog Barbeque of my African American Ancestors.”
Hole,Whole,hole,whole	hole	Hole	whole	At any rate, this [MASK]-y day of obligation reminds us it’s time to let bygones be and say goodbye to what won’t ever be whole again.
Hole,Whole,hole,whole	hole	Hole	whole	Being on the same side of that bump as the day’s [MASK] location is essential.
Hole,Whole,hole,whole	whole	Whole	hole	A fourth person seemingly pointed out her toxic behavior as saying, "First she said she was lying about being pregnant, Then it wasn't his baby, taunted her through hee [MASK] pregnancy.
Word,World,word,world	Word	word	World	Activists with Hip Hop Caucus talked with [MASK] In Black about how music and culture can create climate justice.
Word,World,word,world	Word	word	World	Ann Friedman, founder and CEO of Planet [MASK], said that the dyslexia exhibit demonstrates the museum’s advocacy for inclusive literacy education.
Word,World,word,world	Word	word	World	A personal interaction with The Walrus staff at the [MASK] on the Street festival in Toronto the following June encouraged me to buy a subscription.
Word,World,word,world	Word	word	World	Crim tells [MASK] In Black.
Word,World,word,world	Word	word	world	Ephesians 5:25-27 tells us, “Christ also loved the church, and gave Himself for it; that He might sanctify and cleanse it with the washing of water by the [MASK].
Word,World,word,world	Word	word	World	I remember our relationship moved at a very fast pace, and we would often find ourselves spending the majority of our time together,” Walsh, a social worker and educator, tells [MASK] In Black.
Word,World,word,world	Word	word	world	“I urge you to get into the [MASK] because it will direct you to where you want to be, where to go, and what not to be.”
Word,World,word,world	Word	word	World	Last Wednesday, I went to The [MASK] Library.
Word,World,word,world	Word	word	World	Mail a check to: Community [MASK], c/o 621 Commercial St. Suite 1A-B, Peoria, IL 61602.
Word,World,word,world	Word	word	World	Neither Christ the [MASK] nor DCC have said why the head and deputy are absent, or for how long they will not be in school.
Word,World,word,world	Word	word	World	One of the editors of the “Workbook for Lectors, Gospel Readers and Proclaimers of the [MASK]” observed that the first reading for Pentecost Sunday “directly inverts the Tower of Babel passage from Genesis.”
Word,World,word,world	Word	word	world	Preaching from 1 Timothy 3:4, 2 Timothy 2:2 and Colossians 1:28-29, Allen reminded pastors to live a life of Christ-like character as they strive to teach the [MASK].
Word,World,word,world	Word	word	World	The First Congregational Church of Blue Hill is one of several sites in the town that will host event's for this year's annual [MASK] Literary Festival.
Word,World,word,world	Word	word	world	"Think about Clippy from back in the early days of [MASK].
Word,World,word,world	Word	word	World	[MASK] 1: a wild or half-domesticated dog with a sandy-coloured coat, found in Australia.
Word,World,word,world	Word	word	World	[MASK] 3: an instrument of the family, larger than the violin and tuned a fifth lower.
Word,World,word,world	Word	word	World	[MASK] In Black spoke with four early-career teachers about why they were motivated to enter the classroom.
Word,World,word,world	Word	word	World	[MASK] of Azerbaijani war crimes and abuses of civilians are well known among residents, who fear a similar fate if they remain.
Word,World,word,world	Word	word	World	[MASK] of Life returns seven players after its first year of football last season.
Word,World,word,world	word	Word	world	Again, never mind that “illegal” [MASK].
Word,World,word,world	word	Word	world	All I have heard is a total bunch of B.S. on this [MASK] and policy from the Obama and Biden administrations.
Word,World,word,world	word	Word	world	And hierarchical, whatever the [MASK] is, he is completely, he runs a communist set.
You,Your,you,your	You	you	Your	An AI trend on TikTok won't get off my For [MASK] Page.
You,Your,you,your	Your	your	You	According to Elizabeth Nordenholt, co-creator of the now-defunct “[MASK] Fave Is Problematic” podcast, that defense can often be chalked up to one’s emotional connection to entertainment.
You,Your,you,your	Your	your	You	As pubs struggle in the current cost of living crisis, the Express & Star continues its series, Love [MASK] Local, which celebrates our local inns.
You,Your,you,your	Your	your	You	Bond Street to [MASK] Street was broken into during the early hours of Tuesday.
You,Your,you,your	your	Your	you	A can prevent unnecessary jiggling, keeping even [MASK] still and pleasant to look at.
