confusion_set	expected	target	masked_sentence
Being,begin,being	Being	begin	“[MASK] selected for this award made me realize the importance of having a great team, great leadership support and confirmed that I have amazing wingmen,” said Paige.
Country,County,country,county	County	Country	The [MASK] is also hosting a screening of the documentary “We Been Here,” produced by Delta Sigma Theta Sorority Incorporated Chester (PA) Alumnae Chapter.
Country,County,country,county	country	County	The concern today is that more than half the country’s population could leave the [MASK] in search of employment.
Country,County,country,county	country	County	They’re copying restrictions from one country, cutting-and-pasting them and putting them in another [MASK],” she said.
Country,County,country,county	country	county	The concern today is that more than half the country’s population could leave the [MASK] in search of employment.
Country,County,country,county	country	county	They’re copying restrictions from one [MASK], cutting-and-pasting them and putting them in another country,” she said.
Country,County,country,county	country	county	They’re copying restrictions from one country, cutting-and-pasting them and putting them in another [MASK],” she said.
Form,From,form,from	From	Form	“[MASK] farmland to food production companies, the growing trend in foreign investment in America’s food supply chain rightly has many Americans concerned.
Form,From,form,from	From	form	“[MASK] farmland to food production companies, the growing trend in foreign investment in America’s food supply chain rightly has many Americans concerned.
Life,Live,life,live	Life	Live	In the last 10 years, your Exchange benefit has provided $3.5 billion in earnings for critical military Quality-of-[MASK] programs.
Life,Live,life,live	Life	live	In the last 10 years, your Exchange benefit has provided $3.5 billion in earnings for critical military Quality-of-[MASK] programs.
Life,Live,life,live	Live	Life	BBC Local News: Sheffield and South Yorkshire -- [MASK] coverage of Saturday's League One game between Burton Albion and Sheffield Wednesday.
Life,Live,life,live	Live	life	BBC Local News: Sheffield and South Yorkshire -- [MASK] coverage of Saturday's League One game between Burton Albion and Sheffield Wednesday.
Life,Live,life,live	live	Life	Both tiers of subscription (Essential with advertisements and Premium without) include NFL on CBS [MASK], and for Premium subscribers, everything playing on your local CBS station.
Life,Live,life,live	live	Life	YouTube has rolled out a bunch of new features for premium users on iOS and Android apps including the ability to add videos in a queue, and watch content together via Meet [MASK] sharing/ shareplay, 1080p HD video support, and smart downloads.
Life,Live,life,live	live	Life	Morant was seen holding a gun on a separate Instagram [MASK] video in March, which eventually led to said suspension.
Life,Live,life,live	live	life	Both tiers of subscription (Essential with advertisements and Premium without) include NFL on CBS [MASK], and for Premium subscribers, everything playing on your local CBS station.
Life,Live,life,live	live	life	YouTube has rolled out a bunch of new features for premium users on iOS and Android apps including the ability to add videos in a queue, and watch content together via Meet [MASK] sharing/ shareplay, 1080p HD video support, and smart downloads.
Life,Live,life,live	live	life	Morant was seen holding a gun on a separate Instagram [MASK] video in March, which eventually led to said suspension.
Or,or,ore	Or	ore	[MASK] “Did you hear any particular animals in the music?”
Or,or,ore	or	ore	In the caption, she wrote, “And hurry as fast as you can along the shining beach, or the rubble, [MASK] the dust…”
Peace,Piece,peace,piece	Piece	Peace	One [MASK] has been around for ages now, and its anime is about to enter an important era.
Peace,Piece,peace,piece	Piece	peace	One [MASK] has been around for ages now, and its anime is about to enter an important era.
Principal,principal,principle	principal	principle	Debbie Mitchell, 36, [MASK] of Razzamataz Theatre School & Dumfries, met Ross Hyslop, 31, a firefighter for Scottish Fire and Rescue Service in a ‘Strictly Come Dancing’ charity event in 2015.
Safe,Save,safe,save	safe	Save	Is the MG ZS EV Long Range [MASK]?
Safe,Save,safe,save	safe	Save	“Earthquake safe infrastructure, the basis of [MASK] life”
Safe,Save,safe,save	safe	save	Is the MG ZS EV Long Range [MASK]?
Safe,Save,safe,save	safe	save	“Earthquake safe infrastructure, the basis of [MASK] life”
Safe,Save,safe,save	save	Safe	Mr Barrie's cousin, Lee Thomson - a nurse, born and bred in Lanark - started the petition to [MASK] McClymont and her daughter, Rosalyn, runs the Save McClymont Facebook group.
Safe,Save,safe,save	save	safe	Mr Barrie's cousin, Lee Thomson - a nurse, born and bred in Lanark - started the petition to [MASK] McClymont and her daughter, Rosalyn, runs the Save McClymont Facebook group.
Their,There,They,their,there,they	Their	There	“[MASK] ability to shower and have basic hygiene is restricted, because of that, they’re not let out of their cells.
Their,There,They,their,there,they	Their	There	“[MASK] day job is to manufacture soap dispensers.
Their,There,They,their,there,they	Their	They	“[MASK] ability to shower and have basic hygiene is restricted, because of that, they’re not let out of their cells.
Their,There,They,their,there,they	Their	They	“[MASK] day job is to manufacture soap dispensers.
Their,There,They,their,there,they	Their	there	“[MASK] ability to shower and have basic hygiene is restricted, because of that, they’re not let out of their cells.
Their,There,They,their,there,they	Their	there	“[MASK] day job is to manufacture soap dispensers.
Their,There,They,their,there,they	Their	they	“[MASK] ability to shower and have basic hygiene is restricted, because of that, they’re not let out of their cells.
Their,There,They,their,there,they	Their	they	“[MASK] day job is to manufacture soap dispensers.
Their,There,They,their,there,they	There	Their	And while Ross and other business owners who spoke to CBC News say the summer crowds are their livelihood, there is one issue generated by all that traffic the town is trying to fix: [MASK] aren't enough bathrooms.
Their,There,They,their,there,they	There	Their	“[MASK] will be activities planned by the Historical Society, but we are still in the discussion stage.”
Their,There,They,their,there,they	There	Their	“[MASK] are things they can put in place that will help without causing any major upset.
Their,There,They,their,there,they	There	Their	“[MASK] will also be lucky door prizes and a raffle and Rotary will be providing a sausage sizzle, which is just so good of them,” said Mrs Finlay.
Their,There,They,their,there,they	There	Their	“[MASK]’s history in this city.
Their,There,They,their,there,they	There	Their	“[MASK]’s definitely nerves, there’s definitely things that they have to iron out, but we’re hoping we’ve trained them enough, and we’ve prepped them enough,” she said.
Their,There,They,their,there,they	There	Their	“[MASK] are both flats and detached houses in varying degrees of dominance and in a variety of architectural styles, designs, and building forms in the area around the application site.
Their,There,They,their,there,they	There	Their	“[MASK] is a plan, which is supposed to be the blueprint of how the day should operate, but things are changing daily, which is causing massive headaches.”
Their,There,They,their,there,they	There	Their	“[MASK] is a need to change the way of thinking and move toward an integral disarmament, since no peace is possible where instruments of death are proliferating,” he told the ambassadors.
Their,There,They,their,there,they	There	Their	“[MASK] was some fatigue, I hit a wall around (mile) 11 and 12, but there were no issues with my leg, which was the big thing,” Shea said.
Their,There,They,their,there,they	There	Their	“[MASK] are many more measures that the Israeli government can undertake and the reality on the ground will likely present Israel with many possibilities to do so,” said the former senior official.
Their,There,They,their,there,they	There	Their	“[MASK] is almost no life left in Bakhmut,” Ukrainian President Volodymyr Zelenskyy of the devastation in the bloody, months-long battle in eastern Ukraine.
Their,There,They,their,there,they	There	Their	“[MASK] was an inherent thing of me being so rejectable that this person who loved me very deeply for six years, it suddenly occurred to him, how awful I was or something.
Their,There,They,their,there,they	There	Their	Furthermore, the land was privately owned, and “[MASK] was no federal funding and ostensibly no requirement for federal permits that would have triggered compliance under Sec. 106 of the National Historic Preservation Act of 1966,” Righter wrote.
Their,There,They,their,there,they	There	They	And while Ross and other business owners who spoke to CBC News say the summer crowds are their livelihood, there is one issue generated by all that traffic the town is trying to fix: [MASK] aren't enough bathrooms.
Their,There,They,their,there,they	There	They	“[MASK] will be activities planned by the Historical Society, but we are still in the discussion stage.”
Their,There,They,their,there,they	There	They	“[MASK] are things they can put in place that will help without causing any major upset.
Their,There,They,their,there,they	There	They	“[MASK] will also be lucky door prizes and a raffle and Rotary will be providing a sausage sizzle, which is just so good of them,” said Mrs Finlay.
Their,There,They,their,there,they	There	They	“[MASK]’s history in this city.
Their,There,They,their,there,they	There	They	“[MASK]’s definitely nerves, there’s definitely things that they have to iron out, but we’re hoping we’ve trained them enough, and we’ve prepped them enough,” she said.
Their,There,They,their,there,they	There	They	“[MASK] are both flats and detached houses in varying degrees of dominance and in a variety of architectural styles, designs, and building forms in the area around the application site.
Their,There,They,their,there,they	There	They	“[MASK] is a plan, which is supposed to be the blueprint of how the day should operate, but things are changing daily, which is causing massive headaches.”
Their,There,They,their,there,they	There	They	“[MASK]’ll be so much to keep the whole family entertained all day!”
Their,There,They,their,there,they	There	They	“[MASK] is a need to change the way of thinking and move toward an integral disarmament, since no peace is possible where instruments of death are proliferating,” he told the ambassadors.
Their,There,They,their,there,they	There	They	“[MASK] was some fatigue, I hit a wall around (mile) 11 and 12, but there were no issues with my leg, which was the big thing,” Shea said.
Their,There,They,their,there,they	There	They	“[MASK] are many more measures that the Israeli government can undertake and the reality on the ground will likely present Israel with many possibilities to do so,” said the former senior official.
Their,There,They,their,there,they	There	They	“[MASK] is almost no life left in Bakhmut,” Ukrainian President Volodymyr Zelenskyy of the devastation in the bloody, months-long battle in eastern Ukraine.
Their,There,They,their,there,they	There	They	“[MASK] was an inherent thing of me being so rejectable that this person who loved me very deeply for six years, it suddenly occurred to him, how awful I was or something.
Their,There,They,their,there,they	There	They	Furthermore, the land was privately owned, and “[MASK] was no federal funding and ostensibly no requirement for federal permits that would have triggered compliance under Sec. 106 of the National Historic Preservation Act of 1966,” Righter wrote.
Their,There,They,their,there,they	There	their	And while Ross and other business owners who spoke to CBC News say the summer crowds are their livelihood, there is one issue generated by all that traffic the town is trying to fix: [MASK] aren't enough bathrooms.
Their,There,They,their,there,they	There	their	“[MASK] will be activities planned by the Historical Society, but we are still in the discussion stage.”
Their,There,They,their,there,they	There	their	“[MASK] are things they can put in place that will help without causing any major upset.
Their,There,They,their,there,they	There	their	“[MASK] will also be lucky door prizes and a raffle and Rotary will be providing a sausage sizzle, which is just so good of them,” said Mrs Finlay.
Their,There,They,their,there,they	There	their	“[MASK]’s history in this city.
Their,There,They,their,there,they	There	their	“[MASK]’s definitely nerves, there’s definitely things that they have to iron out, but we’re hoping we’ve trained them enough, and we’ve prepped them enough,” she said.
Their,There,They,their,there,they	There	their	“[MASK] are both flats and detached houses in varying degrees of dominance and in a variety of architectural styles, designs, and building forms in the area around the application site.
Their,There,They,their,there,they	There	their	“[MASK] is a plan, which is supposed to be the blueprint of how the day should operate, but things are changing daily, which is causing massive headaches.”
Their,There,They,their,there,they	There	their	“[MASK] is a need to change the way of thinking and move toward an integral disarmament, since no peace is possible where instruments of death are proliferating,” he told the ambassadors.
Their,There,They,their,there,they	There	their	“[MASK] was some fatigue, I hit a wall around (mile) 11 and 12, but there were no issues with my leg, which was the big thing,” Shea said.
Their,There,They,their,there,they	There	their	“[MASK] are many more measures that the Israeli government can undertake and the reality on the ground will likely present Israel with many possibilities to do so,” said the former senior official.
Their,There,They,their,there,they	There	their	“[MASK] is almost no life left in Bakhmut,” Ukrainian President Volodymyr Zelenskyy of the devastation in the bloody, months-long battle in eastern Ukraine.
Their,There,They,their,there,they	There	their	“[MASK] was an inherent thing of me being so rejectable that this person who loved me very deeply for six years, it suddenly occurred to him, how awful I was or something.
Their,There,They,their,there,they	There	their	Furthermore, the land was privately owned, and “[MASK] was no federal funding and ostensibly no requirement for federal permits that would have triggered compliance under Sec. 106 of the National Historic Preservation Act of 1966,” Righter wrote.
Their,There,They,their,there,they	There	they	And while Ross and other business owners who spoke to CBC News say the summer crowds are their livelihood, there is one issue generated by all that traffic the town is trying to fix: [MASK] aren't enough bathrooms.
Their,There,They,their,there,they	There	they	“[MASK] will be activities planned by the Historical Society, but we are still in the discussion stage.”
Their,There,They,their,there,they	There	they	“[MASK] are things they can put in place that will help without causing any major upset.
Their,There,They,their,there,they	There	they	“[MASK] will also be lucky door prizes and a raffle and Rotary will be providing a sausage sizzle, which is just so good of them,” said Mrs Finlay.
Their,There,They,their,there,they	There	they	“[MASK]’s history in this city.
Their,There,They,their,there,they	There	they	“[MASK]’s definitely nerves, there’s definitely things that they have to iron out, but we’re hoping we’ve trained them enough, and we’ve prepped them enough,” she said.
Their,There,They,their,there,they	There	they	“[MASK] is a plan, which is supposed to be the blueprint of how the day should operate, but things are changing daily, which is causing massive headaches.”
Their,There,They,their,there,they	There	they	“[MASK]’ll be so much to keep the whole family entertained all day!”
Their,There,They,their,there,they	There	they	“[MASK] is a need to change the way of thinking and move toward an integral disarmament, since no peace is possible where instruments of death are proliferating,” he told the ambassadors.
Their,There,They,their,there,they	There	they	“[MASK] was some fatigue, I hit a wall around (mile) 11 and 12, but there were no issues with my leg, which was the big thing,” Shea said.
Their,There,They,their,there,they	There	they	“[MASK] are many more measures that the Israeli government can undertake and the reality on the ground will likely present Israel with many possibilities to do so,” said the former senior official.
Their,There,They,their,there,they	There	they	“[MASK] is almost no life left in Bakhmut,” Ukrainian President Volodymyr Zelenskyy of the devastation in the bloody, months-long battle in eastern Ukraine.
Their,There,They,their,there,they	There	they	“[MASK] was an inherent thing of me being so rejectable that this person who loved me very deeply for six years, it suddenly occurred to him, how awful I was or something.
Their,There,They,their,there,they	There	they	Furthermore, the land was privately owned, and “[MASK] was no federal funding and ostensibly no requirement for federal permits that would have triggered compliance under Sec. 106 of the National Historic Preservation Act of 1966,” Righter wrote.
Their,There,They,their,there,they	They	Their	“[MASK] don’t want him out there promoting himself when he’s about to move on to another station.
Their,There,They,their,there,they	They	Their	“[MASK] have unleashed all the judicial apparatus that they control to try to annul what happened,” Mr. Rafalli said.
Their,There,They,their,there,they	They	Their	“[MASK] come from the city so I saw them as probably being closer to the audience (than the locals),” says Hamaguchi.
Their,There,They,their,there,they	They	Their	“[MASK] are at a different level, and that’s the level I’m working towards,” Beck said.
Their,There,They,their,there,they	They	Their	“[MASK] seemed like very nice people just having a good time,” said a bar patron, who wanted to remain anonymous.
Their,There,They,their,there,they	They	Their	“[MASK] will have to discriminate between trans people in Scotland and the rest of the UK on such matters as equal pay, gender discrimination, tax, benefits and pensions, all of which are subject to UK-wide statutory regimes.”
Their,There,They,their,there,they	They	Their	“[MASK] tell you, ‘Don’t read the comments’ – I read the comments!”
Their,There,They,their,there,they	They	Their	“[MASK] love to support each other in their work… when she’s done with work, she loves going to the theater when she can,” the insider also said.
Their,There,They,their,there,they	They	Their	[MASK] are separating families.
Their,There,They,their,there,they	They	Their	“[MASK] go from being two-income households to no-income households with mortgages, marriages, car payments and children,” Watson said.
Their,There,They,their,there,they	They	Their	“[MASK] killed us in the pick and roll and that was the game.”
Their,There,They,their,there,they	They	Their	“[MASK] feel more respected and more hopeful that better international relations will mean more jobs and opportunities for everyone in the outer eastern suburbs.”
Their,There,They,their,there,they	They	Their	“[MASK] were close to the riverbank and had stayed in that same location since they were first seen,” he said.
Their,There,They,their,there,they	They	Their	“[MASK] will trouble shoot and provide guidance,” she said.
Their,There,They,their,there,they	They	Their	“[MASK] don’t develop a normal, healthy attachment to a caregiver.”
Their,There,They,their,there,they	They	Their	[MASK] were suspected bodies of soldiers killed in a then recent attack on the Melete barracks.
Their,There,They,their,there,they	They	Their	“[MASK] can go back in time 11 years ago to when (Colorado’s) state regulators were truly writing the world’s first legal cannabis rules and regulations,” he said.
Their,There,They,their,there,they	They	Their	“[MASK] have enjoyed the menu and they are loving the general setting, people are coming in, warming themselves up and getting a warm tea or coffee and cake or sandwich.
Their,There,They,their,there,they	They	Their	“[MASK] pressed very well.
Their,There,They,their,there,they	They	Their	“[MASK] didn’t let their heads go down after the first goal and we got back in it with a really good free-kick from Milan.
Their,There,They,their,there,they	They	Their	“[MASK] would just be stunned to see me.”
Their,There,They,their,there,they	They	Their	“[MASK] chop the heads off women and children,” the Telegraph quoted an Israeli commander who spoke to i24 as saying, adding that it could not verify the claim.
Their,There,They,their,there,they	They	There	“[MASK] don’t want him out there promoting himself when he’s about to move on to another station.
Their,There,They,their,there,they	They	There	“[MASK] have unleashed all the judicial apparatus that they control to try to annul what happened,” Mr. Rafalli said.
Their,There,They,their,there,they	They	There	“[MASK]’re having clients that have psychiatric needs, mental health needs.
Their,There,They,their,there,they	They	There	“[MASK] come from the city so I saw them as probably being closer to the audience (than the locals),” says Hamaguchi.
Their,There,They,their,there,they	They	There	“[MASK] are at a different level, and that’s the level I’m working towards,” Beck said.
Their,There,They,their,there,they	They	There	“[MASK] seemed like very nice people just having a good time,” said a bar patron, who wanted to remain anonymous.
Their,There,They,their,there,they	They	There	“[MASK] will have to discriminate between trans people in Scotland and the rest of the UK on such matters as equal pay, gender discrimination, tax, benefits and pensions, all of which are subject to UK-wide statutory regimes.”
Their,There,They,their,there,they	They	There	“[MASK] tell you, ‘Don’t read the comments’ – I read the comments!”
Their,There,They,their,there,they	They	There	“[MASK] love to support each other in their work… when she’s done with work, she loves going to the theater when she can,” the insider also said.
Their,There,They,their,there,they	They	There	“[MASK] go from being two-income households to no-income households with mortgages, marriages, car payments and children,” Watson said.
Their,There,They,their,there,they	They	There	“[MASK]’re something that to someone, a health crisis that happens to someone,” Krasna stressed.
Their,There,They,their,there,they	They	There	“[MASK] killed us in the pick and roll and that was the game.”
Their,There,They,their,there,they	They	There	“[MASK] feel more respected and more hopeful that better international relations will mean more jobs and opportunities for everyone in the outer eastern suburbs.”
Their,There,They,their,there,they	They	There	“[MASK]’re thinking they can force white women to have white babies, but white women will find ways to get abortions.
Their,There,They,their,there,they	They	There	“[MASK] were close to the riverbank and had stayed in that same location since they were first seen,” he said.
Their,There,They,their,there,they	They	There	“It’s easier for them to get to games obviously … [MASK]’ve been very supportive; their goal is to be at every home game this year and most of the away games.”
Their,There,They,their,there,they	They	There	“[MASK] will trouble shoot and provide guidance,” she said.
Their,There,They,their,there,they	They	There	“[MASK] don’t develop a normal, healthy attachment to a caregiver.”
Their,There,They,their,there,they	They	There	“[MASK] can go back in time 11 years ago to when (Colorado’s) state regulators were truly writing the world’s first legal cannabis rules and regulations,” he said.
Their,There,They,their,there,they	They	There	“[MASK] have enjoyed the menu and they are loving the general setting, people are coming in, warming themselves up and getting a warm tea or coffee and cake or sandwich.
Their,There,They,their,there,they	They	There	“[MASK] pressed very well.
Their,There,They,their,there,they	They	There	“[MASK] didn’t let their heads go down after the first goal and we got back in it with a really good free-kick from Milan.
Their,There,They,their,there,they	They	There	“[MASK] would just be stunned to see me.”
Their,There,They,their,there,they	They	There	“[MASK] chop the heads off women and children,” the Telegraph quoted an Israeli commander who spoke to i24 as saying, adding that it could not verify the claim.
Their,There,They,their,there,they	They	their	“[MASK] don’t want him out there promoting himself when he’s about to move on to another station.
Their,There,They,their,there,they	They	their	“[MASK] have unleashed all the judicial apparatus that they control to try to annul what happened,” Mr. Rafalli said.
Their,There,They,their,there,they	They	their	“[MASK] come from the city so I saw them as probably being closer to the audience (than the locals),” says Hamaguchi.
Their,There,They,their,there,they	They	their	“[MASK] are at a different level, and that’s the level I’m working towards,” Beck said.
Their,There,They,their,there,they	They	their	“[MASK] seemed like very nice people just having a good time,” said a bar patron, who wanted to remain anonymous.
Their,There,They,their,there,they	They	their	“[MASK] will have to discriminate between trans people in Scotland and the rest of the UK on such matters as equal pay, gender discrimination, tax, benefits and pensions, all of which are subject to UK-wide statutory regimes.”
Their,There,They,their,there,they	They	their	“[MASK] tell you, ‘Don’t read the comments’ – I read the comments!”
Their,There,They,their,there,they	They	their	“[MASK] love to support each other in their work… when she’s done with work, she loves going to the theater when she can,” the insider also said.
Their,There,They,their,there,they	They	their	[MASK] are separating families.
Their,There,They,their,there,they	They	their	“[MASK] go from being two-income households to no-income households with mortgages, marriages, car payments and children,” Watson said.
Their,There,They,their,there,they	They	their	“[MASK] killed us in the pick and roll and that was the game.”
Their,There,They,their,there,they	They	their	“[MASK] feel more respected and more hopeful that better international relations will mean more jobs and opportunities for everyone in the outer eastern suburbs.”
Their,There,They,their,there,they	They	their	“[MASK] were close to the riverbank and had stayed in that same location since they were first seen,” he said.
Their,There,They,their,there,they	They	their	“[MASK] will trouble shoot and provide guidance,” she said.
Their,There,They,their,there,they	They	their	“[MASK] don’t develop a normal, healthy attachment to a caregiver.”
Their,There,They,their,there,they	They	their	[MASK] were suspected bodies of soldiers killed in a then recent attack on the Melete barracks.
Their,There,They,their,there,they	They	their	“[MASK] can go back in time 11 years ago to when (Colorado’s) state regulators were truly writing the world’s first legal cannabis rules and regulations,” he said.
Their,There,They,their,there,they	They	their	“[MASK] have enjoyed the menu and they are loving the general setting, people are coming in, warming themselves up and getting a warm tea or coffee and cake or sandwich.
Their,There,They,their,there,they	They	their	“[MASK] pressed very well.
Their,There,They,their,there,they	They	their	“[MASK] didn’t let their heads go down after the first goal and we got back in it with a really good free-kick from Milan.
Their,There,They,their,there,they	They	their	“[MASK] would just be stunned to see me.”
Their,There,They,their,there,they	They	their	“[MASK] chop the heads off women and children,” the Telegraph quoted an Israeli commander who spoke to i24 as saying, adding that it could not verify the claim.
Their,There,They,their,there,they	They	there	“[MASK] don’t want him out there promoting himself when he’s about to move on to another station.
Their,There,They,their,there,they	They	there	“[MASK] have unleashed all the judicial apparatus that they control to try to annul what happened,” Mr. Rafalli said.
Their,There,They,their,there,they	They	there	“[MASK]’re having clients that have psychiatric needs, mental health needs.
Their,There,They,their,there,they	They	there	“[MASK] come from the city so I saw them as probably being closer to the audience (than the locals),” says Hamaguchi.
Their,There,They,their,there,they	They	there	“[MASK] are at a different level, and that’s the level I’m working towards,” Beck said.
Their,There,They,their,there,they	They	there	“[MASK] will have to discriminate between trans people in Scotland and the rest of the UK on such matters as equal pay, gender discrimination, tax, benefits and pensions, all of which are subject to UK-wide statutory regimes.”
Their,There,They,their,there,they	They	there	“[MASK] tell you, ‘Don’t read the comments’ – I read the comments!”
Their,There,They,their,there,they	They	there	“[MASK] love to support each other in their work… when she’s done with work, she loves going to the theater when she can,” the insider also said.
Their,There,They,their,there,they	They	there	“[MASK] go from being two-income households to no-income households with mortgages, marriages, car payments and children,” Watson said.
Their,There,They,their,there,they	They	there	“[MASK]’re something that to someone, a health crisis that happens to someone,” Krasna stressed.
Their,There,They,their,there,they	They	there	“[MASK] killed us in the pick and roll and that was the game.”
Their,There,They,their,there,they	They	there	“[MASK] feel more respected and more hopeful that better international relations will mean more jobs and opportunities for everyone in the outer eastern suburbs.”
Their,There,They,their,there,they	They	there	“[MASK]’re thinking they can force white women to have white babies, but white women will find ways to get abortions.
Their,There,They,their,there,they	They	there	“[MASK] were close to the riverbank and had stayed in that same location since they were first seen,” he said.
Their,There,They,their,there,they	They	there	“It’s easier for them to get to games obviously … [MASK]’ve been very supportive; their goal is to be at every home game this year and most of the away games.”
Their,There,They,their,there,they	They	there	“[MASK] will trouble shoot and provide guidance,” she said.
Their,There,They,their,there,they	They	there	“[MASK] don’t develop a normal, healthy attachment to a caregiver.”
Their,There,They,their,there,they	They	there	“[MASK] have enjoyed the menu and they are loving the general setting, people are coming in, warming themselves up and getting a warm tea or coffee and cake or sandwich.
Their,There,They,their,there,they	They	there	“[MASK] pressed very well.
Their,There,They,their,there,they	They	there	“[MASK] didn’t let their heads go down after the first goal and we got back in it with a really good free-kick from Milan.
Their,There,They,their,there,they	They	there	“[MASK] would just be stunned to see me.”
Their,There,They,their,there,they	They	there	“[MASK] chop the heads off women and children,” the Telegraph quoted an Israeli commander who spoke to i24 as saying, adding that it could not verify the claim.
Their,There,They,their,there,they	their	They	Anonymous tips can be submitted through Fayetteville / Cumberland County Crime Stoppers by calling (910) 483-8477 or electronically on [MASK] and completing the anonymous online tip sheet.
Their,There,They,their,there,they	their	They	While 12 G20 nations managed to slash per capita coal emissions, others including India and China saw [MASK]'s rise.
Their,There,They,their,there,they	their	They	Many open from 8 or 9am but you can refer to [MASK] to confirm if your local restaurant is open during the Christmas period and what times they are trading.
Their,There,They,their,there,they	there	Their	I kept thinking: [MASK] has to be a better way, there has to be something else I can do.'
Their,There,They,their,there,they	there	They	I kept thinking: [MASK] has to be a better way, there has to be something else I can do.'
Their,There,They,their,there,they	there	their	I kept thinking: [MASK] has to be a better way, there has to be something else I can do.'
Their,There,They,their,there,they	there	they	I kept thinking: [MASK] has to be a better way, there has to be something else I can do.'
Their,There,They,their,there,they	they	Their	But [MASK] are two distinct and separate occurrences.
Their,There,They,their,there,they	they	Their	There [MASK] found a stash of flualprazolam tablets, a stronger version of diazepam with a potential street value of up to £700.
Their,There,They,their,there,they	they	Their	Many open from 8 or 9am but you can refer to their to confirm if your local restaurant is open during the Christmas period and what times [MASK] are trading.
Their,There,They,their,there,they	they	There	Many open from 8 or 9am but you can refer to their to confirm if your local restaurant is open during the Christmas period and what times [MASK] are trading.
Their,There,They,their,there,they	they	their	But [MASK] are two distinct and separate occurrences.
Their,There,They,their,there,they	they	their	Many open from 8 or 9am but you can refer to their to confirm if your local restaurant is open during the Christmas period and what times [MASK] are trading.
Their,There,They,their,there,they	they	there	“In adults, air pollution spikes can trigger heart attacks, [MASK] can trigger cardiac arrhythmias like atrial fibrillation, they can trigger cardiac deaths… and in children the principal risk is respiratory disease, especially asthma.”
Their,There,They,their,there,they	they	there	“In adults, air pollution spikes can trigger heart attacks, they can trigger cardiac arrhythmias like atrial fibrillation, [MASK] can trigger cardiac deaths… and in children the principal risk is respiratory disease, especially asthma.”
Their,There,They,their,there,they	they	there	There [MASK] found a stash of flualprazolam tablets, a stronger version of diazepam with a potential street value of up to £700.
Their,There,They,their,there,they	they	there	Many open from 8 or 9am but you can refer to their to confirm if your local restaurant is open during the Christmas period and what times [MASK] are trading.
Them,Theme,them,theme	Them	Theme	Thousands of people have turned out for the “Set [MASK] Free” rally in Sydney, where a Jewish-Australian leader has warned unless anti-Semitism was confronted by all, “it will devour once more”.
Them,Theme,them,theme	Them	theme	Thousands of people have turned out for the “Set [MASK] Free” rally in Sydney, where a Jewish-Australian leader has warned unless anti-Semitism was confronted by all, “it will devour once more”.
Trail,Trial,trail,trial	Trail	Trial	Nelson signed up for the Rachel Carson Trail Challenge, which led her to join the North Park [MASK] Runners group.
Three,Tree,three,tree	tree	Three	Cyberpunk 2077's Phantom Liberty DLC introduces a new branch of Relic skills in the Perk [MASK], mainly focused on enhancing Cyberware.
Three,Tree,three,tree	tree	three	Cyberpunk 2077's Phantom Liberty DLC introduces a new branch of Relic skills in the Perk [MASK], mainly focused on enhancing Cyberware.
To,Too,Two,to,too,two	To	Too	Kim, who’s hopeful that she can find her place as Welcome [MASK] Plathville season 5 continues on, has to find humility before she can move forward.
To,Too,Two,to,too,two	To	Too	This Winter's Energy Bills Set [MASK] Be 'As Bad, If Not Worse Than Last Winter'
To,Too,Two,to,too,two	To	Too	Biden Is Still Trying [MASK] Ban Federal Oil, Gas Leasing https://t.
To,Too,Two,to,too,two	To	Too	“[MASK] abandon an alley, you have to say there is no public purpose,” he said.
To,Too,Two,to,too,two	To	Too	“[MASK] have as many people there as possible would be fantastic, there’s going to be a very competitive game and I am sure they are looking forward to it as much as we are.”
To,Too,Two,to,too,two	To	Too	“[MASK] restore the House’s direct link to the public and to foster greater diversity among members and the Electoral College, we must increase the number of representatives.”
To,Too,Two,to,too,two	To	Two	[MASK] see more or to join, visit the Leader Camera Club Facebook group.
To,Too,Two,to,too,two	To	Two	Kim, who’s hopeful that she can find her place as Welcome [MASK] Plathville season 5 continues on, has to find humility before she can move forward.
To,Too,Two,to,too,two	To	Two	This Winter's Energy Bills Set [MASK] Be 'As Bad, If Not Worse Than Last Winter'
To,Too,Two,to,too,two	To	Two	Biden Is Still Trying [MASK] Ban Federal Oil, Gas Leasing https://t.
To,Too,Two,to,too,two	To	Two	“[MASK] abandon an alley, you have to say there is no public purpose,” he said.
To,Too,Two,to,too,two	To	Two	“[MASK] have as many people there as possible would be fantastic, there’s going to be a very competitive game and I am sure they are looking forward to it as much as we are.”
To,Too,Two,to,too,two	To	Two	“[MASK] restore the House’s direct link to the public and to foster greater diversity among members and the Electoral College, we must increase the number of representatives.”
To,Too,Two,to,too,two	To	too	Kim, who’s hopeful that she can find her place as Welcome [MASK] Plathville season 5 continues on, has to find humility before she can move forward.
To,Too,Two,to,too,two	To	too	This Winter's Energy Bills Set [MASK] Be 'As Bad, If Not Worse Than Last Winter'
To,Too,Two,to,too,two	To	too	Biden Is Still Trying [MASK] Ban Federal Oil, Gas Leasing https://t.
To,Too,Two,to,too,two	To	too	“[MASK] abandon an alley, you have to say there is no public purpose,” he said.
To,Too,Two,to,too,two	To	too	“[MASK] have as many people there as possible would be fantastic, there’s going to be a very competitive game and I am sure they are looking forward to it as much as we are.”
To,Too,Two,to,too,two	To	too	“[MASK] restore the House’s direct link to the public and to foster greater diversity among members and the Electoral College, we must increase the number of representatives.”
To,Too,Two,to,too,two	To	two	[MASK] see more or to join, visit the Leader Camera Club Facebook group.
To,Too,Two,to,too,two	To	two	Kim, who’s hopeful that she can find her place as Welcome [MASK] Plathville season 5 continues on, has to find humility before she can move forward.
To,Too,Two,to,too,two	To	two	This Winter's Energy Bills Set [MASK] Be 'As Bad, If Not Worse Than Last Winter'
To,Too,Two,to,too,two	To	two	Biden Is Still Trying [MASK] Ban Federal Oil, Gas Leasing https://t.
To,Too,Two,to,too,two	To	two	“[MASK] abandon an alley, you have to say there is no public purpose,” he said.
To,Too,Two,to,too,two	To	two	“[MASK] have as many people there as possible would be fantastic, there’s going to be a very competitive game and I am sure they are looking forward to it as much as we are.”
To,Too,Two,to,too,two	To	two	“[MASK] restore the House’s direct link to the public and to foster greater diversity among members and the Electoral College, we must increase the number of representatives.”
To,Too,Two,to,too,two	Too	To	“[MASK] many people talk about the strikers in Manchester United and say we never score goals,” argued the Argentinian.
To,Too,Two,to,too,two	Too	Two	“[MASK] many people talk about the strikers in Manchester United and say we never score goals,” argued the Argentinian.
To,Too,Two,to,too,two	Too	to	“[MASK] many people talk about the strikers in Manchester United and say we never score goals,” argued the Argentinian.
To,Too,Two,to,too,two	Too	two	“[MASK] many people talk about the strikers in Manchester United and say we never score goals,” argued the Argentinian.
To,Too,Two,to,too,two	to	Too	To see more or [MASK] join, visit the Leader Camera Club Facebook group.
To,Too,Two,to,too,two	to	Too	I remember the days where we used [MASK] Bluetooth songs to each other’s Blackberries and Tinchy’s Number 1 and Never Leave You were played on repeat.
To,Too,Two,to,too,two	to	Too	As the tech sector keeps laying people off by volume, the “Learn [MASK] code” is tired, and “Learn to make a burrito” is wired.
To,Too,Two,to,too,two	to	Too	“But I must emphasize: [MASK] mock, belittle or to be unkind in any way possible at the expense of others is: Simply.
To,Too,Two,to,too,two	to	Too	How Does ‘NCIS’ Hold Up When Franchise Ventures [MASK] Australia?
To,Too,Two,to,too,two	to	Two	And free agency has given us the ability in areas [MASK], man, we can do whatever we need to do in the draft.
To,Too,Two,to,too,two	to	Two	‘Get ready for us’: Wagner fighters send chilling revenge message [MASK]…
To,Too,Two,to,too,two	to	Two	The rapper was initially hit with ten different charges and she ultimately pleaded guilty [MASK] two misdemeanours.
To,Too,Two,to,too,two	to	Two	As the tech sector keeps laying people off by volume, the “Learn [MASK] code” is tired, and “Learn to make a burrito” is wired.
To,Too,Two,to,too,two	to	Two	As the tech sector keeps laying people off by volume, the “Learn to code” is tired, and “Learn [MASK] make a burrito” is wired.
To,Too,Two,to,too,two	to	Two	“But I must emphasize: [MASK] mock, belittle or to be unkind in any way possible at the expense of others is: Simply.
To,Too,Two,to,too,two	to	Two	How Does ‘NCIS’ Hold Up When Franchise Ventures [MASK] Australia?
To,Too,Two,to,too,two	to	Two	'What else are we supposed to call them if we aren't married, and too old [MASK] go with something juvenile like lover.
To,Too,Two,to,too,two	to	Two	The president will travel [MASK]…
To,Too,Two,to,too,two	to	Two	But if you look at the media this story was leaked [MASK] I see dirty Democrat fingerprints everywhere.
To,Too,Two,to,too,two	to	too	To see more or [MASK] join, visit the Leader Camera Club Facebook group.
To,Too,Two,to,too,two	to	too	I remember the days where we used [MASK] Bluetooth songs to each other’s Blackberries and Tinchy’s Number 1 and Never Leave You were played on repeat.
To,Too,Two,to,too,two	to	too	The rapper was initially hit with ten different charges and she ultimately pleaded guilty [MASK] two misdemeanours.
To,Too,Two,to,too,two	to	too	“But I must emphasize: [MASK] mock, belittle or to be unkind in any way possible at the expense of others is: Simply.
To,Too,Two,to,too,two	to	too	How Does ‘NCIS’ Hold Up When Franchise Ventures [MASK] Australia?
To,Too,Two,to,too,two	to	too	Nathan was once married [MASK] two women, as Kody mentioned, but currently is down to one wife, Rebekah Dilts, who happens to be Meri Brown’s sister.
To,Too,Two,to,too,two	to	two	Nuggets sports broadcaster Bill Hanzlik showed up to present the father and son with a surprise — two tickets [MASK] attend Game 1 in-person.
To,Too,Two,to,too,two	to	two	And free agency has given us the ability in areas [MASK], man, we can do whatever we need to do in the draft.
To,Too,Two,to,too,two	to	two	The company has a market capitalization of $4.18 billion, a price-[MASK]-earnings ratio of 35.19, a price-to-earnings-growth ratio of 1.99 and a beta of 0.88.
To,Too,Two,to,too,two	to	two	‘Get ready for us’: Wagner fighters send chilling revenge message [MASK]…
To,Too,Two,to,too,two	to	two	The rapper was initially hit with ten different charges and she ultimately pleaded guilty [MASK] two misdemeanours.
To,Too,Two,to,too,two	to	two	As the tech sector keeps laying people off by volume, the “Learn to code” is tired, and “Learn [MASK] make a burrito” is wired.
To,Too,Two,to,too,two	to	two	The chance of a game was grasped by the girls who managed [MASK] field two nine-aside teams to compete for the Bulls v Sharks trophy.
To,Too,Two,to,too,two	to	two	“But I must emphasize: [MASK] mock, belittle or to be unkind in any way possible at the expense of others is: Simply.
To,Too,Two,to,too,two	to	two	How Does ‘NCIS’ Hold Up When Franchise Ventures [MASK] Australia?
To,Too,Two,to,too,two	to	two	The firm has a market capitalization of $3.01 billion, a price-[MASK]-earnings ratio of 8.93, a price-to-earnings-growth ratio of 0.55 and a beta of 1.67.
To,Too,Two,to,too,two	to	two	'What else are we supposed to call them if we aren't married, and too old [MASK] go with something juvenile like lover.
To,Too,Two,to,too,two	to	two	The president will travel [MASK]…
To,Too,Two,to,too,two	to	two	But if you look at the media this story was leaked [MASK] I see dirty Democrat fingerprints everywhere.
To,Too,Two,to,too,two	too	To	Now we get to the timeliness — and Novey’s knack for being on theme without ever being [MASK] on the nose.
To,Too,Two,to,too,two	too	Two	It could happen in the way that it’s subtly planted and then, I hope not [MASK] over the top, acting- and camera-wise.”
To,Too,Two,to,too,two	too	two	It could happen in the way that it’s subtly planted and then, I hope not [MASK] over the top, acting- and camera-wise.”
To,Too,Two,to,too,two	two	Too	The spokesperson said: "There are three options to supportsafer crossings on St Leonard's Road [MASK] options for cyclists and pedestrians at the roundabout and proposals for two junctions on the Grantown Road.
To,Too,Two,to,too,two	two	Too	She also helped lead the girls basketball and softball teams [MASK] section championships.
To,Too,Two,to,too,two	two	Too	NEW food hygiene ratings have been awarded to a Halesowen dessert shop and [MASK] other establishments, the Food Standards Agency’s website shows.
To,Too,Two,to,too,two	two	to	EQT Co. has a fifty-[MASK] week low of $20.63 and a fifty-two week high of $51.97.
To,Too,Two,to,too,two	two	to	EQT Co. has a fifty-two week low of $20.63 and a fifty-[MASK] week high of $51.97.
To,Too,Two,to,too,two	two	to	Matt Boulerice, who is running for Waterville mayor, has been our landlord for close to [MASK] years.
To,Too,Two,to,too,two	two	too	The spokesperson said: "There are three options to supportsafer crossings on St Leonard's Road [MASK] options for cyclists and pedestrians at the roundabout and proposals for two junctions on the Grantown Road.
To,Too,Two,to,too,two	two	too	She also helped lead the girls basketball and softball teams [MASK] section championships.
To,Too,Two,to,too,two	two	too	NEW food hygiene ratings have been awarded to a Halesowen dessert shop and [MASK] other establishments, the Food Standards Agency’s website shows.
Weather,Whether,weather,whether	Whether	Weather	“[MASK] couples are reaffirming their commitment to each other on a milestone anniversary, or exchanging vows for the very first time, it’s an honor that Skydeck is able to play a role in couple’s love stories.”
Weather,Whether,weather,whether	Whether	weather	“[MASK] couples are reaffirming their commitment to each other on a milestone anniversary, or exchanging vows for the very first time, it’s an honor that Skydeck is able to play a role in couple’s love stories.”
Were,Where,were,where	Where	Were	[MASK] the club belongs.
Were,Where,were,where	Where	Were	“[MASK] the businesses did not file the outstanding returns or address other compliance issues after being given a reasonable opportunity to do so, Revenue rescinded their tax clearance,” he said.
Were,Where,were,where	Where	were	[MASK] the club belongs.
Were,Where,were,where	where	Were	Do you remember [MASK] you were?
With,width,with	With	width	“[MASK] 16 runners, you would expect the pace to be steady and with him, you would probably prefer to draw there than one or two.
With,width,with	With	width	The Demon is hosting "An Evening [MASK] Gene Simmons" at the Rio Hotel and Casino, home of the and Kiss by Monster Mini Golf course.
With,width,with	With	width	[MASK] Arab Republic of Egypt in North Africa, it has been in the works for several years and has a chequered history.
With,width,with	With	width	“[MASK] this latest release, we have closed that gap so that our customers who might otherwise have needed a standalone VDR can now get everything they need through a single, intuitive content platform.
With,width,with	With	width	“[MASK] so many eligible organizations—more than 1 million globally—our ability to have an impact was often spread too thin.”
With,width,with	With	width	‘[MASK] a new crew working at Good Burger, Dex devises a plan to get back on his feet but unfortunately puts the fate of Good Burger at risk once again.’
With,width,with	With	width	Kylie Minogue on stage at the Royal Albert Hall for An Audience [MASK] …
With,width,with	With	width	“[MASK] server-side destruction and movement, almost everything in The Finals can be wrecked.
With,width,with	with	width	There are two models available right now â€” the Long Range, with 330 miles of range, and the Performance, [MASK] 303 miles of range.
Word,World,word,world	World	Word	Nearly a decade later, Benzina has now become the first player to wear a headscarf at the World Cup as she was picked to start in a 1-0 win over South Korea – her nation’s first victory at a Women’s [MASK] Cup.
Word,World,word,world	world	Word	On Monday Djokovic will enjoy a ridiculous 400th week at [MASK] No 1, now 90 weeks greater than Federer in second place.
Word,World,word,world	world	word	On Monday Djokovic will enjoy a ridiculous 400th week at [MASK] No 1, now 90 weeks greater than Federer in second place.
You,Your,you,your	You	Your	I guess it’s true what they say: “[MASK] can’t fix unlikable.”
You,Your,you,your	You	Your	“[MASK] try and go back to reset, and you can’t.
You,Your,you,your	You	Your	“[MASK] can see how hard Alexandria is trying to listen compassionately across the lines of this conflict,” said Brad Lander, the left-leaning New York City comptroller who is the highest-ranking Jewish city official.
You,Your,you,your	You	Your	“[MASK] know, there is a simple solution to all of this.
You,Your,you,your	You	Your	“[MASK] can see the trail of water seeping from the garbage into some people’s apartments.”
You,Your,you,your	You	Your	‘[MASK] obviously don’t want to do that but we needed to get the full-back on.
You,Your,you,your	You	Your	“[MASK] see this in nursing, as well,” she said.
You,Your,you,your	You	Your	“[MASK] know you’re right and the other side is a bunch of misguided weirdos.
You,Your,you,your	You	Your	United’s head coach said: “[MASK] get an element of fearlessness and I think that’s what we need at the minute, in terms of people not playing with any fear, being brave, stepping up and making the most of the opportunity they get.
You,Your,you,your	You	Your	I said, ‘God, can [MASK] just spare me some more time so I can get to see them grow?’
You,Your,you,your	You	Your	‘[MASK] have to deal with them but it’s one of the best teams in the league at doing that.
You,Your,you,your	You	your	I guess it’s true what they say: “[MASK] can’t fix unlikable.”
You,Your,you,your	You	your	“[MASK] try and go back to reset, and you can’t.
You,Your,you,your	You	your	“[MASK] can see how hard Alexandria is trying to listen compassionately across the lines of this conflict,” said Brad Lander, the left-leaning New York City comptroller who is the highest-ranking Jewish city official.
You,Your,you,your	You	your	“[MASK] know, there is a simple solution to all of this.
You,Your,you,your	You	your	“[MASK] can see the trail of water seeping from the garbage into some people’s apartments.”
You,Your,you,your	You	your	‘[MASK] obviously don’t want to do that but we needed to get the full-back on.
You,Your,you,your	You	your	“[MASK] see this in nursing, as well,” she said.
You,Your,you,your	You	your	“[MASK] know you’re right and the other side is a bunch of misguided weirdos.
You,Your,you,your	You	your	United’s head coach said: “[MASK] get an element of fearlessness and I think that’s what we need at the minute, in terms of people not playing with any fear, being brave, stepping up and making the most of the opportunity they get.
You,Your,you,your	You	your	I said, ‘God, can [MASK] just spare me some more time so I can get to see them grow?’
You,Your,you,your	You	your	‘[MASK] have to deal with them but it’s one of the best teams in the league at doing that.
You,Your,you,your	Your	You	“This is the boldness we have, [MASK] Excellency.
You,Your,you,your	Your	you	“This is the boldness we have, [MASK] Excellency.
You,Your,you,your	you	Your	Probably not a real good look for you trade demand that [MASK]’re posting a pic excited with OBJ being a Raven.
You,Your,you,your	you	your	Probably not a real good look for you trade demand that [MASK]’re posting a pic excited with OBJ being a Raven.
You,Your,you,your	your	You	In the last 10 years, [MASK] Exchange benefit has provided $3.5 billion in earnings for critical military Quality-of-Life programs.
You,Your,you,your	your	you	In the last 10 years, [MASK] Exchange benefit has provided $3.5 billion in earnings for critical military Quality-of-Life programs.
