confusion_set	target	suggestion	sentence
To,Too,Two,to,too,two	to	too	And at the end , my opinion is that one weekend ticket for all events is a great idea , because you do n't have to stay in queues to buy a ticket for a show , you want to go [to] .  
Effect,affect,effect	effect	affect	Shopping does not just [effect] us mentally , but also physically .  
Plain,plain,plane	plane	plain	If we came back to the past , we felt everything , it was so difficult to do , we would have [plane] and done by ourself and last time .  
Country,County,country,county	county	country	I used to be play in school team when I was in high school and our team was the one of the best Basketball team in all [county]
Their,There,They,their,there,they	their	there	so I had an argument with the people Who worked [their]
To,Too,Two,to,too,two	to	too	But all they have done is told me that I am [to] young for it
Were,Where,were,where	were	where	but there 's one main rule I must tell them [were] I go
Form,From,form,from	form	from	I hope you will consider this proposition and I am looking forward to hearing [form] you .  
You,Your,you,your	your	you	From [your] 's list of activities I choose sailing and climbing .  
Than,Then,than,then	than	then	Sarah looked at him for a while , [than] she stood in front of the class and explaind to the others , that she won a prize for 20 people to travel for 1 week to the sea of southern France and everybody of the 19 pupils was invited , except Pat who was n't very good at keeping secrets .  
Country,County,country,county	county	country	The reason of my decision is that other activities are availiable to take also in my [county] , except climbing , but I have fear of heights so this one is not destinated for people like me .  
Effects,affects,effects	affects	effects	On the other hand , the [affects] that it has on our daily life is not always good as sometime , the technology went wrong and out of hand of people who control it can cause disaster accidents , for example : plane crashes , trains crashed and explosion of nuclears bomb .  
Hole,Whole,hole,whole	hole	whole	The things that really dissapointed me were that you said Danny Brook and Tina Truelove were suposed to be the actors but they were n't , different actors played and to be honest they made the [hole] show very bad .  
Their,There,They,their,there,they	their	there	Another thing was that you said discounts are available which is very important for students , but no [their] were n't any .  
Their,There,They,their,there,they	their	there	Also after the show your restaurant was closed because [their] was n't enough staff .  
Than,Then,than,then	than	then	It starts already in the morning that we wake up by the sound of an alarm clock , [than] in the bathroom we have running hot water and also the hole house is warm due to central heating .  
Hole,Whole,hole,whole	hole	whole	It starts already in the morning that we wake up by the sound of an alarm clock , than in the bathroom we have running hot water and also the [hole] house is warm due to central heating .  
Weather,Whether,weather,whether	whether	weather	I 'm not scared of darkness , rain , cold or hot [whether] .  
Than,Then,than,then	Than	Then	[Than] you for reading .  
Life,Live,life,live	live	life	Science and technology can give us a better [live] style or better food .  
Their,There,They,their,there,they	There	They	[There] are the natural material on one side whereas on the other side the fashion industry produce more and more syntetical clothes , which relay on the production cost .  
You,Your,you,your	you	your	My name is Furilo J.M. and last month I spent a few days in London , I visited [you] theatre .  
To,Too,Two,to,too,two	to	too	There were supposed to be discounts for the tickets , what appeared to be wrong [to] .  
Word,World,word,world	word	world	She told me , that he was hansom , kind , well-understanding ( he understood her from a half of the [word] ) ; the main was he also liked her very much !  
To,Too,Two,to,too,two	two	to	Furthermore , you asked me to choise [two] activities I would like to do .  
You,Your,you,your	you	your	I have just received a letter from you where you say I won the first prize in [you] competition .  
Life,Live,life,live	live	life	Internet brought a new way to my [live] since I started to use it .  
You,Your,you,your	you	your	Finally , after an hour , when my term came to buy the entrance ticket , [you] staff said I could n't have a discount
You,Your,you,your	your	You	Dear Sir or Madam ,  Unfortunatelly I have to complained about musical show in [your] 's Circle Theatre last evening .  
You,Your,you,your	your	you	When I become [your] 's advertisment concerning the show " Over the Rainbow " I thought that I 'll have a great evening , but unfortunatelly it was a big disappointment for me .  
You,Your,you,your	your	you	Becouse the show was very long , we were getting hungry but of course [your] 's theatre restaurants was closed because of holiday .  
You,Your,you,your	you	your	Waiting for [you] replay .  
Their,There,They,their,there,they	There	Their	[There] names were Ivan and Maria .  
Hole,Whole,hole,whole	hole	whole	I had spent the [hole] last week in London with one of my colleagues .  
Quiet,Quite,quiet,quite	quiet	quite	I am [quiet] sure , even the ones , who have chosen their occupies just to be famous , do n't like to be pictured when they believe they are alone .  
Life,Live,life,live	live	life	Obviously , there is no point in saying " famous people have a right to their own [live] .
Than,Then,than,then	than	then	During the week we descide where we want to go , we all agree to listen to music so [than] we descide to come to your musical show and listen to " Over the Rainbow " .  
Than,Then,than,then	than	then	P.S. please would you like to explain why ?  sincinerly from Ki  In order to live happily the sciencetist can easily perdict the changes on earth , so [than] we can have time to perpare or defence our self from the Natural diseasters .  
You,Your,you,your	your	you	We have been very excited about this and coincidentely we have found another option to add in our programme , certainly if [your] agree with .  
To,Too,Two,to,too,two	two	to	I do n't know what the weather is like , and you are paid for travel costs , but I am wondering that it is included [two] activities .  
You,Your,you,your	you	your	Thank you very much for [you] time .  
Week,weak,week	weak	week	I like to apologise with you , because I did n't wrote to you recently , but I like to tell you what hapend to me in the last [weak] I had the opportunity to help in one of the most pop concert in my city , so imagen , I fell really really good and exating for that I do n't have words for describe
Their,There,They,their,there,they	they	there	it 's was when one of the group [they] with me one rose for my work am really proud about them !  
advice,advise	advise	advice	Finally , the actors were not Danny Brook and Tina Truelove , but others I have never seeing before , and the restaurant was closed with no [advise] .  
Than,Then,than,then	than	then	Secondly , I think it is would be better to stay tents , so [than] we can have a nice time at Camp California and find many interesting games to play in .  
You,Your,you,your	you	your	Thanks for [you] letter .  
You,Your,you,your	your	you	I really appreciate [your] choosing me .  
You,Your,you,your	you	your	Acording to the choice whether I prefer tends or log cabins , I think I will turn to the first one because I have always loved camping the nearest to nature , if it 's possible in front of a lake or a river , if [you] camping has one , so that I will be able to practise my favorite and skillful hobby : sailing .  
Form,From,form,from	from	Form	[from] your firm .  
advice,advise	advice	advise	At the end of show , unfortunately for me and the others spectators , the worst thing happened : the theatre 's restaurant was closed without any reasons and nobody went to us to apologise or [advice] us for an other restaurant opened late in the night .  
You,Your,you,your	your	you	Especially , queue up for twenty minutes for just paying the money or waiting for the salesgirl getting [your] the right size of clothes .  
loose,lose	loose	lose	I sometimes [loose] my desire to buy a thing because of their badly behaviers .  
You,Your,you,your	you	your	At first , [you] advertisement said there were Danny Brook and Tina Truelove , but it had different actor disappointely .  
loose,lose	loose	lose	Now , I [loose] less of time and can use the technology to enjoy myself .  
You,Your,you,your	your	you	I am writing to [your] to complain about the musical show called " Over the rainbow "  Secondly , the show had to begin at 19.30 pm , in fact he began at 20.15 pm and that without any explainations !  
To,Too,Two,to,too,two	to	too	After the show I wanted to drink somthing in your theatre restaurant but when I arrived it was closed because the show started [to] late !  
You,Your,you,your	you	your	During our stay we saw a bright advertisement of your theatre and decided to see this newest and best musical show ( as it was said in [you] advertisement ) .  
You,Your,you,your	you	Your	Some words about tickets : [you] ad noticed that discounts were available so we did n't have money with us .  
Country,County,country,county	county	country	Another disadvatage of the festival 's programme was lack of plays and films which are the best to display the modern [county] 's culture .  
Their,There,They,their,there,they	there	their	So I would travel on July because I 've got only [there] free time .  
Things,things,thinks	thinks	things	But you can be carefull when you speak with him or her that will stolen your [thinks] .  
You,Your,you,your	you	your	I am writing this as a reply for [you] request to provide you with some information about my preferencies .  
Than,Then,than,then	then	than	I am not a photographer but my family think that my photos are more [then] just good .  
Quiet,Quite,quiet,quite	quite	quiet	It 's hard to be extremely [quite] for five hours
You,Your,you,your	you	your	Another thing is that they pay you for [you] job and it is a good money .  
You,Your,you,your	your	you	I 'm writing you because I had been asked to make a little suggestion about the programme [your] have organised to our English class travel .  
Were,Where,were,where	where	were	Hope you enjoy my experiences  I had everythig planned , I and my family [where] coming to whatch your show and then have a decent meal at your theatre restaurant but it was disasterous .  
Were,Where,were,where	where	were	That was a dissapointment for my whole family , infact all the viewers [where] very dissappointed .  
Their,There,They,their,there,they	there	they	Thankyou for your time and attention  Another bad thing about this school was that [there] where different types of students that formed groups .  
Were,Where,were,where	where	were	Thankyou for your time and attention  Another bad thing about this school was that there [where] different types of students that formed groups .  
Were,Where,were,where	where	were	Some [where] just friend groups but others took it seriously , maby just a bit too seriously , they gave themselves names and acted as gangs rather than just groups of friends , and started picking on younger people , or mempers of other gang , trying to start fights with them .  
Were,Where,were,where	where	were	But no excuses [where] working .  
Were,Where,were,where	where	were	The time had come the who groups had comdined their forces and [where] ready to strike .  
Were,Where,were,where	where	were	Lots of People wher injured and even more [where] suspended the next day at school , when the Headmaster found out what had happened .  
To,Too,Two,to,too,two	two	too	Furthermore , and for sure it is not your fault , some of the halls for the concerts were too small and that prevented me from enjoying some of the concerts because of the noise but also prevented many people from entering the hall that was often [two] crowded .  
Than,Then,than,then	than	then	We were thinking that meaby we can go early to visit the Science Museum and [than] go to the Central Exhibition , where the event is going to have place !  
Quiet,Quite,quiet,quite	quiet	quite	That might be [quiet] complicated to understand , especially for young people .  
Weather,Whether,weather,whether	weather	whether	There are a lot of arguments about the [weather] this influence is negative or positive .  
You,Your,you,your	you	your	First of all , I appreciate [you] well-organised programme , especially , " River Trip to Greenwich " which we requested .  
You,Your,you,your	you	your	I am very happy to know that I have won the first prize in [you] competition .  
You,Your,you,your	you	your	I look forward to receiving [you] reply .  
To,Too,Two,to,too,two	to	too	I wase n't expecting this prize because was [to] good to be true .  
Than,Then,than,then	then	than	In conclusion , I think that modern technology get my life more interesting , but I prefer to stay with my friends and with my girlfriend [then] in front of a computer !  
Mad,Made,mad,made	made	mad	She did n't want to tell the teachers at school or any other person because she was afraid that if her stepfather find out about that , he would get [made] and hit her , or even worse , kill her mother .  
Life,Live,life,live	live	life	Another question I have ; the [live] there , is it as expensive as I think ?  
Their,There,They,their,there,they	there	they	First of all , in the advertisement says that the starring were different actors , and [there] were n't different one , so that can not be .  
Mad,Made,mad,made	made	mad	I am really [made] and I want my money back , please call me to the number 23456789 , I will be waiting your call .  
You,Your,you,your	Your	you	I 'm looking forward to hearing from you as soon as possible [Your] sincerely  Whenever I walk in the street , I always want to go into the every shops .  
Hole,Whole,hole,whole	hole	whole	We were too young to stay a [hole] weekend alone .  
To,Too,Two,to,too,two	to	too	In conclusion I think that people who are [to] much interested in other people life have not an interesting life and are unhappy !  
Mad,Made,mad,made	made	mad	I was supposed to help my friend with the lights , so that I could see all that screaming like [made] crowd .  
Their,There,They,their,there,they	there	they	The advertisment says that Danny Brook and Tina Truelove would play but in this show [there] were totally different actors and that was really disappointing because I was looking forward to them .  
Were,Where,were,where	were	where	Hope to hear from you :  Science and Technology is a theme very discussed nowdays , most of the comunity of our city , and of the world , [were] technology has arrived , confirms that it has in some way improved their way of life .  
You,Your,you,your	you	your	Going to the shopping centre with [you] family can be a good experience .  
Things,things,thinks	thinks	things	I am replying to your letter for the first prize of the competition , that I won and there are a number of [thinks] I would like to make clear .  
You,Your,you,your	your	you	At the end I realized that all [your] need is co-operation and do n't think selfishly .  
To,Too,Two,to,too,two	two	too	It 's difficult just to try [two] but if I have the chance I would like to practice sailing and photography .  
loose,lose	loose	lose	So did he finally win or [loose] ?  
Than,Then,than,then	then	than	Therefore , it cost me more money [then] usual .  
You,Your,you,your	you	your	If this was n't enough [you] strength and mental health can be completely destroyed when despite having been stolen , having spent hours walking around and being tired and hungry you finally buy something you really liked with your credit card and after having walked a few blocks you see the same item at half price in another shop .  
Were,Where,were,where	were	where	I am writing to complain about the problems [were] exist on the musical show .  
Than,Then,than,then	than	then	In the first place , when the people think only in go to the shopping forgot others things : play with their children , talk with [than] parents , friends .  
Their,There,They,their,there,they	they	there	As concerned the food , our mothers [they] will help about that .  
Their,There,They,their,there,they	they	there	Moreover , at the party [they] will be come of course all the class , our teachers and the Principal at our school .  
Which,Witch,which,witch	witch	which	With a friend we had seen your advertisement for the show , [witch] was very attractive .  
Which,Witch,which,witch	witch	which	At the began of my work in a Insurance Company , I had only a old writting machine , [witch] makes a lot of noise and was very difficult to write with it because the switch were hard for my small fingers .  
Which,Witch,which,witch	witch	which	Now I have a new computer , [witch] is very easy to use , and confortable for my fingers also more farrster .  
Mad,Made,mad,made	mad	made	And that [mad] the concert absolutely perfect .  
Quiet,Quite,quiet,quite	quiet	quite	I 'll choose golf and basketball , golf because I 'm [quiet] good .  
Their,There,They,their,there,they	they	their	Pat , to win her new classemates ' friendship tell all what she knew about her friends and owing to what Pat said , her friends broke [they] friendship with Pat because their popularity was damaged .  
You,Your,you,your	your	you	If you do n't have the majority [your] are n't allowed to drink or smoke , or even worth to go in a bar .  
Their,There,They,their,there,they	They	There	[They] were so many pieces that we had spent a whole day to prepare the scene .  
Than,Then,than,then	then	than	We now breathe worse air in our lungs , [then] our grand-parents breathed .  
Their,There,They,their,there,they	there	they	But you need all the journalists to become famous so the only way is to accept that [there] are journalists and that they are just doing their job .  
To,Too,Two,to,too,two	to	too	By the way , the musical show started at 20:15 , when it had to start at 19:30 : it was n't in late , it was [to] much in late .  
Than,Then,than,then	than	then	Another thing that I appreciate a lot is the electric guitar ; I like very much play guitar , and in my free time I prefer play electric , [than] acoustic or classic guitar using distortion and gain and the highest volume possible .  
Than,Then,than,then	then	than	And last but not least I recognised after the show that your theatre restaurant was closed because waiters did n't come ...  I do n't know it is a typical situation in the Circle Theatrer that is promised much more [then] the people can get for their money , or it was on June 7 ( my visit ) only , but I am not agree with such situation and would ask you for my money back - my bank account number is enclosed .  
Than,Then,than,then	then	than	We were thinking is so many other activites to relax and enjoy ourself [then] sunbathing on the beach .  
You,Your,you,your	you	your	Secondly , [you] advertisement stated that the second show should start at 19:30 .  
You,Your,you,your	your	you	It had been a real joy to receive [your] and I still ca n't believe it .  
To,Too,Two,to,too,two	to	two	Answering another of your questions , I am more likely to stay in a log cabin considering that I will be [to] weeks in the camp .  
Life,Live,life,live	Live	Life	[Live] is too short to think about the poscesives .  
Life,Live,life,live	live	life	The houses will change because of new technologe , what may make our [live] more comfortable .  
Country,County,country,county	county	country	Almost all the people had a Television which provided events around our [county] very quickly .  
To,Too,Two,to,too,two	to	too	First of all , the advertisement I got layed emphasis on Danny Brook 's starring , but eventually , a disappoint unknown actor played his part , and I wonder whether he had real skills [to] .  
Quiet,Quite,quiet,quite	quiet	quite	So in my opinion , modern technology changed my daily routine [quiet] a lot .  
Life,Live,life,live	live	life	I retired four years ago and my [live] is very bored .  
Quiet,Quite,quiet,quite	quiet	quite	We had preparred [quiet] a long time ago , this travel to the capital and spared a lot of money as well .  
To,Too,Two,to,too,two	to	too	Because every one have different thinking like beverley center if you there every day or every week for a shopping you well get very boring because some time is [to] much people every where like in the resturant and shops .  
Their,There,They,their,there,they	they	there	In spide that fact there are of course many families especialy in small towns which eat lunch all together and [they] they solve their problem all together .  
Their,There,They,their,there,they	their	there	To begin with on your advertisment you say that Danny Brooks will be starring the show but instead [their] was a different actor which made us very disappointed .  
Their,There,They,their,there,they	their	there	Another thing that is written on the advertisment is that the night show will start at 7:30 but instead of that [their] was forty five minute delay The crowded got really upset and we were going to leave with the first chanse we had  You can understand how that made me feel , and when the tickets had no discount  It was the worst night of my life .  
Hole,Whole,hole,whole	hole	whole	I believe that some ather actors mabe made the [hole] store to be more interesting .  
Past,passed,past	past	passed	Humans [past] many things Throu the years made posipole many things .  
Were,Where,were,where	were	where	Now we are in a 20th centure [were] people went to the moun and discavered madesons aboute siriale illneses , In that year I live too .  
You,Your,you,your	You	Your	[You] restaurant was closed because your cooker was ill .  
You,Your,you,your	your	you	You might not know your neighbour because all the time [your] in the house .  
To,Too,Two,to,too,two	to	too	Things and technology changes every day our life , our jobs , our way of face the world , this is what differences both centuries , our grandparents ' changes lasted [to] long to change human life .  
Rise,raise,rise	rise	raise	Although this project could seem a very though work , I had to try it in order to [rise] my low global mark .  
Their,There,They,their,there,they	they	there	The only reason is I would like to try and I think [they] are matching activities , when you climb up the mountain then you can take the photograph of the views .  
You,Your,you,your	you	your	Thirdly if you 're fat you wo n't find [you] size .  
To,Too,Two,to,too,two	to	too	Forthly that product is too expensive for you and the last problem is you buy [to] much things
Their,There,They,their,there,they	their	there	In fact [their] would be only one possibility in July because I will end with my exams session at the end of this month and beginn a practical trainning the 1rst of August .  
You,Your,you,your	your	you	How are you ?  I 've well received your last letter and want to thank [your] for the pictures you 've joined with .  
Were,Where,were,where	where	were	Furthermore , I had to make announcements at the loudspeaker for the children who [where] lost .  
Were,Where,were,where	were	where	I thought you were a good theatre , [were] people can go and have a good evening alone or with somebody else , but realy I am very disappointed and I want to ask for my money back .  
Hole,Whole,hole,whole	hole	whole	Seen my [hole] life I can say the moden technology has changed my daily life in many ways .  
To,Too,Two,to,too,two	to	too	After show we went immediately to the tickets office for asking money back , but they were [to] strict and close-minded .  
Their,There,They,their,there,they	they	their	Children always ask for something and they want to have all [they] toys which they see and that 's not very enjoyable for the parents , because sometimes they spend more money , from the amount of money that they have planned .  
Them,Theme,them,theme	theme	them	Every students keep talking about he [theme] and give their opinions .  
You,Your,you,your	Your	You	[Your] state in your advertisment that he would come on stage , but instead of him someone else turned up .  
You,Your,you,your	your	you	I am writing in order to tell [your] some things that happened to me at the theatre , at that moment I felt astonish thinking about : " How an important theatre have problems like this .
To,Too,Two,to,too,two	to	two	I have [to] questions .  
You,Your,you,your	your	you	I am writting to you to give [your] my opinion about your festival .  
To,Too,Two,to,too,two	too	to	For example , put the music [too] hight when my syster is working .  
To,Too,Two,to,too,two	to	too	Despite I like to go to nice clothes shops I usually return home with nothing in my hands , as prices are usually [to] high , unfortunately not affordable for me .  
Than,Then,than,then	then	than	It is convinient , I mean " double " lessons because you have more time to understand matherial what is givven and because you have to prepare only four subjects for " tomorrow " and it is less [then] seven subjects .  
Their,There,They,their,there,they	There	They	[There] were my thoughts when I first saw the advertisement for a " Sky Dive " .  
Plain,plain,plane	plain	plane	The following Sunday I fint my self on a [plain] flying 20000ft from the ground .  
Their,There,They,their,there,they	they	there	I think that they have right because , [they] are also people like me or like you and they should have private life .  
Word,World,word,world	word	world	First the conquist of the space , then the computers , and now the new biotecnologies have changed , and are changing , the face of the [word] .  
Life,Live,life,live	live	life	I was very happy that I managed to save the [live] of the boy .  
To,Too,Two,to,too,two	to	too	Now , when I consider about the events it 's clear for me that if I got a few minutes later probably would be [to] late .  
Life,Live,life,live	live	life	You should ignore the dangerous if you convince you can save somebody his [live] .  
To,Too,Two,to,too,two	to	too	The jazz , rock and classical concerts were really entertaining except that there were some concert halls [to] small for the audience : I 'm sure that you can find bigger halls for next year .  
You,Your,you,your	you	your	Finally , I hope that you understand my personal opinion about the programme , I will understand accept [you] personal opinion as well .  
Their,There,They,their,there,they	there	their	It is very intresting for me how new works , [there] possiblyties .  
You,Your,you,your	you	your	As well as that , I expect [you] plays and films are performed more .  
You,Your,you,your	you	your	Finally , I wanted to visit [you] theatre restaurant after the show but it was already closed .  
To,Too,Two,to,too,two	to	too	but sometimes it 's going a bit [to] far .  
Except,accept,except	accept	except	Thank 's for [accept] me in the competition .  
To,Too,Two,to,too,two	two	to	and I 've been [two] competition
You,Your,you,your	you	your	and they are only spent on material things , you would put [you] money in the bank because you do n't need it now , but tomorrow you do n't know .  
To,Too,Two,to,too,two	to	too	Eventually I like shopping [to] and I beleive every body like shopping , but before you buy something think before you will not have any problems after that and the most important thing is make sure you have enough meney for survive .  
You,Your,you,your	your	you	I write this letter to informed you about the bad experience I had last week in one of the shows [your] are presenting .  
Than,Then,than,then	Than	Then	[Than] I was told to stay in front of the entrance door and check the tickets .  
Life,Live,life,live	live	life	The [live] is more comfortable with all the new machines you can use at home , at the office or it is helful to live with all the new medical machines in the hospitals .  
Quiet,Quite,quiet,quite	quiet	quite	It was [quiet] scary for me , but I said to myself , come on you can do it .  
You,Your,you,your	your	you	I do n't expected that I can win in [your] 's competition .  
Which,Witch,which,witch	witch	which	There schould be an intereview [witch] students and with profesons .  
Things,things,thinks	thinks	things	That kind of [thinks] should be filmed somehow .  
You,Your,you,your	your	You	[your] sincerely .  
You,Your,you,your	you	your	You mentioned the chance to choose two activities from [you] list .  
Form,From,form,from	form	from	It is difficult to see any enjoyment in shopping : facing the crowd , having to withstand the rude clerks and shop managers , trying desperately to choose the right thing - these burdens [form] the dark side of shopping .  
You,Your,you,your	Your	You	[Your] know , this age is the trouble age , boys have too much energy and girls want to fall in love with someone .  
Except,accept,except	except	accept	We hope we do not cause any problems to your programme and hope that you will [except] our request .  
Word,World,word,world	word	world	I 'm sure that the people that had decided to meet this [word] they did not realised that there is a price to pay .  
You,Your,you,your	your	you	How are you ?  I am sorry that I did n't write any letter to [your] during last month .  
brakes,breaks	brakes	breaks	Of course there was the cooking and bar-tending for anyone who was hungry during the [brakes] .  
Week,weak,week	weak	week	Sorry for not writing you before , but I have been so busy , because last [weak] I went to a pop concert to help the singers .  
To,Too,Two,to,too,two	to	too	And it was [to] slow .  
You,Your,you,your	you	your	so I recommend you to change the actor because he will make an audience who visit [you] theatre disappoint .  
Their,There,They,their,there,they	their	there	For go [their].
You,Your,you,your	your	You	[your] do n't tell any detile about how must coses For ticket for go in siend .  
You,Your,you,your	you	your	and we 're very exsciting about [you] programme.
To,Too,Two,to,too,two	too	to	and then we want [too] know about Fashion and Leisure in your information For Students Free.
You,Your,you,your	your	You	[your] sincerely  It was dangerous , but I knew I had to do it  If I tall someting in the college baby someone like or dislike about my story
Than,Then,than,then	then	than	and it is more enjoyable to live in a tent [then] in cabins .  
Than,Then,than,then	then	than	In basketball I have more practise [then] in tennis .  
Weather,Whether,weather,whether	weather	whether	One thing you have not told me is [weather] I have to pay all things by my own in California or not .  
Week,weak,week	weak	week	Dear Sir or Mam ,  Last [weak] , I went to London to see the musical " Over the Rainbow " .  
To,Too,Two,to,too,two	too	two	If not , you can go the Saturdays but badly , there are [too] costumers .  
Life,Live,life,live	life	live	We can also film [life] after school .  
Their,There,They,their,there,they	they	there	What is more [they] are the Leisure and sports wear , which we are keen on seeing it .  
You,Your,you,your	your	You	[your] sincerely ,  It was dangerous , but I knew I had to do it .  
Their,There,They,their,there,they	there	their	The lardge numbers of the journalists following them all the time , even in [there] private life .  
To,Too,Two,to,too,two	to	too	The only problem was that the girl was [to] shy to speak to him , she wanted to keep her name in secret , and if Pat tells someone something about the letter , she wo n't say who is .  
To,Too,Two,to,too,two	to	two	I am hearing [to] looking fermards from you .  
advice,advise	advise	advice	Pat gave same [advise] for me and I disayded to have an operetion .  
You,Your,you,your	you	your	I am very please to receive [you] letter , and read all the question you ask me , now , I answer the question .  
Things,things,thinks	thinks	things	On the other hand I think that geography is important as well because we must all know WHERE we live , what are the problems that we have in this world , what problem does every different country have and where does the petroleum come from and what are the advantages and disadvantages for it and the gold as well , there are loads of [thinks] about geography that we MUST KNOW .  
Their,There,They,their,there,they	their	they	You can put a few activities ( sports ) like basketball , football , tennis , but only those because [their] are very popular and people will have interest on them .  
advice,advise	advise	advice	My [advise] for you is : " Do not put to much subjects , just put a few subject and make them look interesting "  My name is German Schmidt
To,Too,Two,to,too,two	to	too	My advise for you is : " Do not put [to] much subjects , just put a few subject and make them look interesting "  My name is German Schmidt
To,Too,Two,to,too,two	to	too	During the concert , all the fans try to get closer to the singers , jumping , shouting and so on and some of them faint when they get [to] excited .  
Life,Live,life,live	life	live	I could n't [life] without modern music .  
Hole,Whole,hole,whole	hole	whole	I was a little more portient so I stayed to watch the [hole] show , which by the way was the worst I had ever seen .  
Life,Live,life,live	live	life	The old man is a sad person but he loves his [live] and lives on the beach because he ca n't stay without see the sea for a day .  
Their,There,They,their,there,they	their	there	Undoubtedly , [their] the first enemies are " Journalists " .  
Were,Where,were,where	where	were	Beside this , we [where] invited to visit the theatre restaurant after the show , but it was closed because it was being redecorated .  
Life,Live,life,live	live	life	It 's difficult for us to realize the changes in our [live] , but we can think about it .  
Their,There,They,their,there,they	they	there	Secondly , the time in your advertisement told that it should start 19:30 , but it did not start before 20.15  And then about the tickets , you wrotte that [they] were discounts available but they were not .  
You,Your,you,your	you	your	I 'm writing to complain about what it happened me two days ago , during [you] musical show " OVER THE RAINBOW " .  
loose,lose	loose	lose	Yes , but we must n't [loose] the values and our free time to stay with our family .  
Than,Then,than,then	then	than	The show started late [then] I expected .  
Their,There,They,their,there,they	there	their	They will bounced on roads with [there] balloon clothes .  
Than,Then,than,then	than	then	Yeah fokes , that was the point I got interupted by my parents in this beautiful dream , but when you will hear the end of my story [than] buy the " Rossall-School-magazin " , net time again , and you will hear the end of this unbelievable story .  
Weather,Whether,weather,whether	whether	weather	We usually went to the beach to have a bath and to enjoy the fantastic [whether] in that part of Spain during the summer .  
Effects,affects,effects	effects	affects	It 's something absoletuly necessary for every action people does It [effects] us both positive and negative .  
You,Your,you,your	your	you	Those devices made our life easier like old fridges had to be defreezed to melt out and new fridges use different kind of cooling and will tell you if [your] forgot to close the door !  
Hole,Whole,hole,whole	hole	whole	Unfortunately , Pat was n't very good at keeping secrets and so his [hole] schoole knew from Sara 's experience .  
Than,Then,than,then	then	than	But then you are at the university you need money more , [then] anybody else want .  
Than,Then,than,then	then	than	Naturally , it 's easier to get a job [then] you were good in foreign languagers or computers .  
Life,Live,life,live	live	life	I told them you are full of [live] and they are yours favourite polish group .  
To,Too,Two,to,too,two	to	two	While we were installing the sound system we listened irish music and suddenly we saw [to] U2 , which is my favourite group , going inside the stadium and they played music for us .  
Life,Live,life,live	live	life	How expensive the [live] is there ?  
advice,advise	advise	advice	To sum up , my [advise] is that the women should go alone or with a female friend .  
You,Your,you,your	your	you	We are really appriciate about giving very nice program , which is organised by [your] this time .  
Past,passed,past	passed	past	Because human high wo n't change so much , unless 10000 years [passed] .  
You,Your,you,your	your	you	Waiting for [your] to write back  Modern technology is , nowadays , not only a " tool " for every day life but also a lifestyle .  
To,Too,Two,to,too,two	to	too	Despite saying it will start at 19:30 , it done at 20:15 which I think is [to] much late for a good theatre like yours .  
Quiet,Quite,quiet,quite	quite	quiet	Firstly , in our classroom you ca n't shout , you must be [quite] and sat .  
Than,Then,than,then	then	than	Computer it is our way of with outside world comunicat , wheres with airplanes we can rich our parents , friends easily and much faster , [then] if we would use bouts or trains .  
You,Your,you,your	you	your	I felt very upset about [you] advertisement was totaly different between the musical show .  
You,Your,you,your	You	your	How dared you could show " [You] perfect evening out " in you advertisement .  
You,Your,you,your	you	your	How dared you could show " You perfect evening out " in [you] advertisement .  
You,Your,you,your	you	your	Thank for [you] patience .  
To,Too,Two,to,too,two	too	two	It was pitty that [too] small halls were used for classical concerts .  
loose,lose	loose	lose	I can say it with confidence that I am quite good at basketball - I play it for my school 's team and I am going to train it in August as well - I do n't want to [loose] touch with it .  
To,Too,Two,to,too,two	to	too	And you have to wait after to buy it , so finally you waited so long that you are getting late , so you get stressed [to] .  
Them,Theme,them,theme	theme	them	Some of them are big and some of [theme] are small , but they effect our lives in the same way .  
Effect,affect,effect	effect	affect	Some of them are big and some of theme are small , but they [effect] our lives in the same way .  
Effects,affects,effects	effects	affects	Often people do not see how it [effects] our life style .  
Peace,Piece,peace,piece	peace	piece	I was holding a [peace] of paper which my mum gave to me .  
To,Too,Two,to,too,two	to	too	People have seen in the last 10 years how diferent our clothes had become [to] .  
Their,There,They,their,there,they	there	they	So , people wont have to clean their houses because [there] are machine for all works .  
Than,Then,than,then	then	than	Same thing more [then] 100 years ego the people have n't got the light .  
Than,Then,than,then	then	than	Evrything what we do now we do with : it help , looking after house , make very difficult operation , becose the computer can think much faster [then] human .  
Life,Live,life,live	live	life	He had problems at home because his mother wanted to settle down to Australia , but Peter was used to [live] in New York , overcrowded and surronded by people .  
You,Your,you,your	you	your	Thanks for [you] letter .  
You,Your,you,your	you	your	Thanks in advance for [you] advice .  
Things,things,thinks	thinks	things	A lot of [thinks] will be easier to do .  
Their,There,They,their,there,they	they	there	Well I tried to do so but the lady at the desk told me that [they] were quotas available at that price but were already sold out !  
You,Your,you,your	your	you	Without the development of modern technology , it may take [your] several years to reach the destination .  
Things,things,thinks	thinks	things	But modern technology do a lot of bad [thinks] .  
Country,County,country,county	county	country	A lot of [county] buy gans for their safty as they say but they buy them do kill people .  
Were,Where,were,where	were	where	You can comunicate with people from place [were] you never can imagine to have a trip because it will be too expensive .  
Quiet,Quite,quiet,quite	quite	quiet	Can you imagine how exsiting when we stay in the dark and very [quite] and we can hear a sound of animal .  
You,Your,you,your	your	You	[your] sincerely  How are you ?  
To,Too,Two,to,too,two	two	too	If it 's not [two] much to ask , could you also tell me how much money I should take with me for food or evening activities at the camp  Looking for you to receive those information ,  Last week I had planned to change my old basketball shoes .  
Quiet,Quite,quiet,quite	quite	quiet	However , this apparently [quite] and relaxed activitie can sometimes turn into a living hell ; you may only be able to go shopping at the weekend and then , if you do go , you will find yourself in the middle of a huge crowd of people , unable to get to any product or even shop and feeling dizzy by the mixture of smells that come from the people .  
You,Your,you,your	you	your	I hope I 've answered all [you] questions and I would be please if mine could also be answered .  
You,Your,you,your	your	You	[your] sincerely ,  How are you ?  
You,Your,you,your	you	your	I am looking for [you] reply .  
You,Your,you,your	you	your	At the end of the month when your husband will receive the bill from [you] visa card he will have an heart-attack !  
Were,Where,were,where	were	where	After they caught me I think they brought me to the Area 57 , [were] the police do experiments .  
Life,Live,life,live	live	life	Also I prefer the Camp California because I have just finish my military service and I got use to [live] in the campus .  
Their,There,They,their,there,they	Their	There	[Their] is two activities .  
Quiet,Quite,quiet,quite	quite	quiet	If it were n't a calm and [quite] public , we would have had troubles .  
To,Too,Two,to,too,two	to	too	I 'm pleased [to] that I 've won the first prize at camp california in the U.S.A during two weeks .  
Quiet,Quite,quiet,quite	quiet	quite	I 've been practicing this sport since 5 years , so I 'm [quiet] good .  
Were,Where,were,where	where	were	Firstly I found amazing the number of starts and artist who came to the festival although they [where] from only six countries around the world .  
To,Too,Two,to,too,two	to	too	The concerts and the dance show were incredable , except for the classical concert that halled [to] small .  
Were,Where,were,where	were	where	I can go out at night once a week if I tell them [were] I 'm going to be .  
You,Your,you,your	you	your	Answering to [you] question I wo n't change nothing because I think that these are the minimum rules that a theenager have to have to be responsable in a future .  
You,Your,you,your	you	your	For example , you can dance folk be Hamlet in the street , or even sing with some of your friends a nice song from [you] country .  
You,Your,you,your	you	your	I would like to answer to [you] question , please notice that I can travel only in July because only then I can take holidays from my work , after the busy time of month May and June .  
You,Your,you,your	you	your	I thin that it is very dangerous because the famous peple cannot have [you] private life and on the other hand they may suffer from deppresion and sadness which may be lead them to suicide .  
To,Too,Two,to,too,two	to	two	I suggest you [to] try this kind of experience .  
You,Your,you,your	you	your	You should be pride of [you] helping people who suffers , and at the same time you may enjoy yourself !  
Things,things,thinks	thinks	things	I 've done so many [thinks] and between them I went to Glastonbery ( as you know ) !  
Hole,Whole,hole,whole	hole	whole	I met lots of nice and cool people , and what I most enjoyed was the crazy atmospher of the [hole] thing .  
To,Too,Two,to,too,two	to	too	That is a sport that I always want to practise but in France it is [to] expansive .  
Their,There,They,their,there,they	they	there	Then , [they] were not any discounts available for the tickets as it was written on the advertisement .  
You,Your,you,your	your	you	I will be very thankfull if [your] could return me half or some of my money , or even to make the corresponding discount .  
Hole,Whole,hole,whole	hole	whole	Now I 'm very happy because I learned that friends are the most important thing in the [hole] world .  
You,Your,you,your	you	your	I 'm looking forward to receiving [you] reply as soon as possibly .  
advice,advise	advise	advice	But my [advise] for people , who like it so much that can not help doing it , is to try shopping in the afternoon , at this hour no-one do shopping and if there are some shops that are closed you can always go to a shopping mall .  
Their,There,They,their,there,they	They	There	[They] are also the lessons which English and other foreigners are particularlly curious in .  
You,Your,you,your	you	your	In conclusion , besides all mentioned , I highly recommond [you] video students ' daily life and interview them .  
Their,There,They,their,there,they	they	there	I think the people who are enjoying shopping [they] are greede for materialistic things and they hav n't interests for spirit ( ? ) , intelect life .  
Which,Witch,which,witch	witch	which	When the show started Danny Brook was not acting , [witch] was a great dissapointment for us both .  
To,Too,Two,to,too,two	to	too	In conclusion I would like to say that modern technology is offering to the humanity [to] many things , some of them are good and some others are not so good .  
Life,Live,life,live	live	life	Despite his way of [live] , his best friend was Anna , the most popular girl in the school .  
Life,Live,life,live	live	life	She explained everything what happened in her [live] to Pat .  
Life,Live,life,live	live	life	When Pat was 16 , he decided to change his way of [live] , spending more time with friends , but what he could do to have some friends ?  
Than,Then,than,then	than	then	When I wake up I take a shower using eletricity then I prepare my breakfast in the oven then I go to school by bus , when I arrive at home I put my lunch in the microwave [than] I watch t.v.
To,Too,Two,to,too,two	too	two	Comparing these [too] realities the reader can notice that modern technology changed very much our daily life .  
Than,Then,than,then	then	than	As for accomodation I would prefer log cabins , because I belive they are more comfortable [then] tents .  
You,Your,you,your	your	you	I would like to asking some information about that what kind of clothes I have to wearing and how many [your] are charge .  
Their,There,They,their,there,they	there	they	Although [there] were finished two people , next was me , something was happened .  
Their,There,They,their,there,they	there	their	In our class , we do n't have problem with students who dislike to work , because we are all there for the same reasons and nobody wants to say [there] years and years .  
You,Your,you,your	your	You	[your] sincerily  I 'm very sorry I have n't written you for such a long time
Life,Live,life,live	life	live	Nowadays , there is a lot of people that [life] only with the money they get in advertisments , reports about their last romance , ... but not everyone does the same .  
Hole,Whole,hole,whole	hole	whole	and so I was laying down the [hole] weekend .  
Hole,Whole,hole,whole	hole	whole	After reading the [hole] organized programme , we all agreed about the sightseeing by bus around London wich will give us the knowledge about this fantastic city we all want to meet since time ago .  
Quiet,Quite,quiet,quite	quiet	quite	In fact , I soon practice tennis and I am [quiet] good at , and it will the occasion to train myself surfing is completely unknown for me and I hope that I will like it .  
Word,World,word,world	world	word	What does means the [world] " shopping " ?  I live and I need different goods for survive .  
Their,There,They,their,there,they	There	Their	[There] problems were ; Firstly , the famous actors Danny Brook and Tina Truelove were n't there for your musical show , I was unhappy to constat that it was different actors this evening .  
You,Your,you,your	your	you	so we ca n't find what we are looking for with calm because everybody is pushing you to the other place that you want to go  First of all I would like to say thanks for your letter and [your] care about your customers .  
You,Your,you,your	you	your	You 've just finished your long hours at work , [you] tide , you had row with your boss but you are still going to do shopping .  
Lead,Led,lead,led	led	lead	On the other hand , the excess of comodity can [led] us , in the future , to a completely " cold " world , because of the distance between people that can be caused .  
To,Too,Two,to,too,two	two	to	About the different activities we like them all , but If I choose [two] I take sailing and tennis .  
Their,There,They,their,there,they	there	their	Some other work what I have done was to lead the people to [there] places .  
advice,advise	advise	advice	There were some people they gave me some [advise] to clean the face and etc .  
advice,advise	advise	advice	Because I do n't like to give some [advise] it 's can be willy boring .  
Life,Live,life,live	live	life	I had the best expreience in my [live] .  
Word,World,word,world	word	world	It should be done show so people can see how people in every corner of the [word] make theyr own fun .  
Than,Then,than,then	then	than	It 's believed that English schools look different and have different rules [then] Polish schools but may be we might find sth incomon ? !  
Their,There,They,their,there,they	there	they	Finally I 'd like to ask you some questions , [there] are mainly small details .  
Their,There,They,their,there,they	there	their	I 'm sure that if you listen to it you will start reading the book immediately , and find out [there] many challenges for your new carreer .  
You,Your,you,your	you	your	I am writing to [you] inconnection with your programme of spending three days in London .  
You,Your,you,your	you	your	You should spend more money on buying clothes and food , you will very happy when you buy it , but , when you come back home take out [you] purse , you must be feel sad , you purse nearly empty , ( when you do n't have enough money . )  
You,Your,you,your	you	your	You should spend more money on buying clothes and food , you will very happy when you buy it , but , when you come back home take out you purse , you must be feel sad , [you] purse nearly empty , ( when you do n't have enough money . )  
You,Your,you,your	you	your	a lot of thief there , they will steal [you] money , that 's so dangerous .  
Their,There,They,their,there,they	they	there	I do n't understand why [they] was a lot of people .  
Than,Then,than,then	then	than	Can i say more [then] two weeks if i like it ?  How much money i should take there ?  
Word,World,word,world	word	world	Anyway I am hard working for the [word] cup at sailing .  
Effects,affects,effects	affects	effects	I think that our lives are lives with technology , they sometimes mean the same as science and [affects] not on at each other but together .  
You,Your,you,your	your	you	I am writing to [your] about the trip in London .  
You,Your,you,your	you	your	According to me , you ca n't deserve to have a private life when you 're famous because when to start [you] career you know that medias will be hunting you everywhere and more famous you get worst it is going to be because that the life style people wants to know everything , for instance , about their favourite actor or about their president..
You,Your,you,your	you	your	I was pleased to recieve [you] letter ricently .  
Than,Then,than,then	then	than	If I had a choice , I would prefer to live in tent [then] in a log cabin .  
To,Too,Two,to,too,two	too	to	You can give the possibility to the students [too] choose between go shopping or go to the show .  
Quiet,Quite,quiet,quite	quiet	quite	You have to be [quiet] an attention in class if you would n't to be punished .  
Life,Live,life,live	live	life	Internet is a good way of meeting people that are far from us , we can also inform ourselves on what happens in [live] , or search for special leisure with a quick result .  
Their,There,They,their,there,they	they	there	On the developpement , they also said that [they] will be a discount for students who are between eighteen and twenty-five years old but it was totally wrong because I paid the full price which was  20 .  
Than,Then,than,then	than	then	It was very hurt , my friend rushed to me [than] ran back to my house and called Mom .  
Things,things,thinks	thinks	things	Many [thinks] have changed within the last 100 years .  
Their,There,They,their,there,they	they	there	Those things can and do make our lifes easier and more comfortable , but the call us away from our friends , our families and more over [they] lead us to madness and cut any relantionship with everything that suround us and keep us in life .  
Were,Where,were,where	where	were	Among all these the theatre restaurant was closed , because the shef and the waiters [where] on holiday .  
You,Your,you,your	you	your	However , shopping is nice to spend [you] leisure time and give yourself to relax sometimes , but suggest that never in the weekend .  
You,Your,you,your	your	you	I 've attened [your] shown on one of the evening , during my stay in London .  
You,Your,you,your	you	your	It would provide you with a new type of material to cover [you] body and you can chosse what you want to wear by pressing bottons .  
You,Your,you,your	you	your	and while I was spending some days in London I could see [you] advertisement so I decided to go to see it .  
You,Your,you,your	your	you	I hope [your] answer soon .  
To,Too,Two,to,too,two	to	two	I have gone out to the street and I have asked [to] people for this question .  
Except,accept,except	except	accept	I would be grateful to [except] this prize .  
loose,lose	loose	lose	Consequently I ask you for some money back seeing that I think : it 's not worth the bother to [loose] money for such a show.
Their,There,They,their,there,they	they	their	People have always looked for the most comfortable clothes for [they] daily life .  
Country,County,country,county	county	country	One cold day , Hungbu saw a bird that had a broken wing , so the bird could n't fly to the warmer [county] during the winter .  
Peace,Piece,peace,piece	piece	peace	It is bad for the world 's [piece] .  
Peace,Piece,peace,piece	piece	peace	I think we should use the technology for the [piece] and use it for our fortune .  
To,Too,Two,to,too,two	too	to	As I was spending a week-end in London I took a chance [too] see the performance of one of my favourite actors , Danny Brook .  
